真实标签,预测标签
正常运行,正常运行
正常运行,正常运行
正常运行,正常运行
正常运行,正常运行
正常运行,正常运行
正常运行,正常运行
正常运行,正常运行
正常运行,正常运行
正常运行,正常运行
正常运行,正常运行
正常运行,正常运行
正常运行,正常运行
正常运行,正常运行
正常运行,正常运行
正常运行,正常运行
正常运行,正常运行
正常运行,正常运行
正常运行,正常运行
正常运行,正常运行
正常运行,正常运行
正常运行,正常运行
正常运行,正常运行
正常运行,正常运行
正常运行,正常运行
传动系统异常,传动系统异常
正常运行,正常运行
正常运行,正常运行
正常运行,正常运行
正常运行,正常运行
正常运行,正常运行
正常运行,正常运行
正常运行,正常运行
散热系统故障,散热系统故障
润滑系统异常,润滑系统异常
正常运行,正常运行
正常运行,正常运行
正常运行,正常运行
正常运行,正常运行
电力供应故障,电力供应故障
正常运行,正常运行
正常运行,正常运行
正常运行,正常运行
正常运行,正常运行
正常运行,正常运行
正常运行,正常运行
正常运行,正常运行
正常运行,正常运行
正常运行,正常运行
正常运行,正常运行
正常运行,正常运行
正常运行,正常运行
正常运行,正常运行
正常运行,正常运行
正常运行,正常运行
正常运行,正常运行
正常运行,正常运行
正常运行,正常运行
正常运行,正常运行
正常运行,正常运行
正常运行,正常运行
正常运行,正常运行
正常运行,正常运行
正常运行,正常运行
正常运行,正常运行
正常运行,正常运行
正常运行,正常运行
正常运行,正常运行
正常运行,正常运行
正常运行,正常运行
正常运行,正常运行
正常运行,正常运行
正常运行,正常运行
正常运行,正常运行
正常运行,正常运行
正常运行,正常运行
正常运行,正常运行
正常运行,正常运行
正常运行,正常运行
正常运行,正常运行
正常运行,正常运行
正常运行,正常运行
正常运行,正常运行
正常运行,正常运行
正常运行,正常运行
正常运行,正常运行
正常运行,正常运行
正常运行,正常运行
正常运行,正常运行
传动系统异常,传动系统异常
正常运行,正常运行
正常运行,正常运行
正常运行,正常运行
正常运行,正常运行
正常运行,正常运行
正常运行,正常运行
正常运行,正常运行
正常运行,正常运行
正常运行,正常运行
正常运行,正常运行
正常运行,正常运行
正常运行,正常运行
正常运行,正常运行
正常运行,正常运行
正常运行,正常运行
正常运行,正常运行
正常运行,正常运行
正常运行,正常运行
正常运行,正常运行
正常运行,正常运行
正常运行,正常运行
正常运行,正常运行
正常运行,正常运行
正常运行,正常运行
正常运行,正常运行
正常运行,正常运行
正常运行,正常运行
正常运行,正常运行
正常运行,正常运行
正常运行,正常运行
正常运行,正常运行
正常运行,正常运行
正常运行,正常运行
润滑系统异常,润滑系统异常
正常运行,正常运行
正常运行,正常运行
正常运行,正常运行
正常运行,正常运行
润滑系统异常,润滑系统异常
正常运行,正常运行
正常运行,正常运行
正常运行,正常运行
正常运行,正常运行
正常运行,正常运行
正常运行,正常运行
正常运行,正常运行
正常运行,正常运行
正常运行,正常运行
正常运行,正常运行
正常运行,正常运行
正常运行,正常运行
正常运行,正常运行
正常运行,正常运行
润滑系统异常,润滑系统异常
正常运行,正常运行
正常运行,正常运行
正常运行,正常运行
正常运行,正常运行
正常运行,正常运行
正常运行,正常运行
正常运行,正常运行
正常运行,正常运行
正常运行,正常运行
正常运行,正常运行
散热系统故障,散热系统故障
正常运行,正常运行
正常运行,正常运行
正常运行,正常运行
正常运行,正常运行
正常运行,正常运行
正常运行,正常运行
正常运行,正常运行
正常运行,正常运行
正常运行,正常运行
正常运行,正常运行
正常运行,正常运行
正常运行,正常运行
正常运行,正常运行
正常运行,正常运行
正常运行,正常运行
正常运行,正常运行
正常运行,正常运行
正常运行,正常运行
正常运行,正常运行
正常运行,正常运行
正常运行,正常运行
正常运行,正常运行
正常运行,正常运行
正常运行,正常运行
正常运行,正常运行
正常运行,正常运行
正常运行,正常运行
正常运行,正常运行
正常运行,正常运行
正常运行,正常运行
正常运行,正常运行
正常运行,正常运行
正常运行,正常运行
正常运行,正常运行
正常运行,正常运行
正常运行,正常运行
正常运行,正常运行
正常运行,正常运行
正常运行,正常运行
正常运行,正常运行
正常运行,正常运行
正常运行,正常运行
正常运行,正常运行
正常运行,正常运行
正常运行,正常运行
正常运行,正常运行
正常运行,正常运行
正常运行,正常运行
正常运行,正常运行
正常运行,正常运行
正常运行,正常运行
正常运行,正常运行
正常运行,正常运行
正常运行,正常运行
正常运行,正常运行
正常运行,正常运行
正常运行,正常运行
正常运行,正常运行
正常运行,正常运行
正常运行,正常运行
正常运行,正常运行
正常运行,正常运行
散热系统故障,散热系统故障
正常运行,正常运行
正常运行,正常运行
正常运行,正常运行
正常运行,正常运行
正常运行,正常运行
正常运行,正常运行
正常运行,正常运行
正常运行,正常运行
正常运行,正常运行
正常运行,正常运行
正常运行,正常运行
正常运行,正常运行
正常运行,正常运行
正常运行,正常运行
正常运行,正常运行
正常运行,正常运行
正常运行,正常运行
正常运行,正常运行
正常运行,正常运行
正常运行,正常运行
正常运行,正常运行
正常运行,正常运行
润滑系统异常,润滑系统异常
正常运行,正常运行
正常运行,正常运行
正常运行,正常运行
正常运行,正常运行
正常运行,正常运行
正常运行,正常运行
正常运行,正常运行
正常运行,正常运行
正常运行,正常运行
正常运行,正常运行
正常运行,正常运行
正常运行,正常运行
正常运行,正常运行
正常运行,正常运行
正常运行,正常运行
正常运行,正常运行
正常运行,正常运行
正常运行,正常运行
正常运行,正常运行
正常运行,正常运行
正常运行,正常运行
正常运行,正常运行
正常运行,正常运行
正常运行,正常运行
正常运行,正常运行
正常运行,正常运行
正常运行,正常运行
正常运行,正常运行
正常运行,正常运行
正常运行,正常运行
正常运行,正常运行
正常运行,正常运行
电力供应故障,电力供应故障
正常运行,正常运行
正常运行,正常运行
正常运行,正常运行
正常运行,正常运行
正常运行,正常运行
正常运行,正常运行
正常运行,正常运行
正常运行,正常运行
正常运行,正常运行
正常运行,正常运行
正常运行,正常运行
正常运行,正常运行
正常运行,正常运行
正常运行,正常运行
正常运行,正常运行
正常运行,正常运行
正常运行,正常运行
正常运行,正常运行
正常运行,正常运行
正常运行,正常运行
正常运行,正常运行
正常运行,正常运行
正常运行,正常运行
正常运行,正常运行
正常运行,正常运行
正常运行,正常运行
正常运行,正常运行
正常运行,正常运行
正常运行,正常运行
正常运行,正常运行
正常运行,正常运行
正常运行,正常运行
正常运行,正常运行
正常运行,正常运行
正常运行,正常运行
正常运行,正常运行
正常运行,正常运行
正常运行,正常运行
正常运行,正常运行
正常运行,正常运行
传动系统异常,传动系统异常
正常运行,正常运行
正常运行,正常运行
正常运行,正常运行
正常运行,正常运行
传动系统异常,传动系统异常
正常运行,正常运行
电力供应故障,电力供应故障
正常运行,正常运行
正常运行,正常运行
正常运行,正常运行
正常运行,正常运行
正常运行,正常运行
正常运行,正常运行
正常运行,正常运行
正常运行,正常运行
正常运行,正常运行
正常运行,正常运行
正常运行,正常运行
正常运行,正常运行
正常运行,正常运行
正常运行,正常运行
正常运行,正常运行
正常运行,正常运行
正常运行,正常运行
正常运行,正常运行
正常运行,正常运行
正常运行,正常运行
正常运行,正常运行
正常运行,正常运行
正常运行,正常运行
正常运行,正常运行
正常运行,正常运行
传动系统异常,传动系统异常
正常运行,正常运行
正常运行,正常运行
正常运行,正常运行
正常运行,正常运行
正常运行,正常运行
正常运行,正常运行
正常运行,正常运行
润滑系统异常,润滑系统异常
正常运行,正常运行
正常运行,正常运行
正常运行,正常运行
正常运行,正常运行
正常运行,正常运行
正常运行,正常运行
正常运行,正常运行
正常运行,正常运行
正常运行,正常运行
正常运行,正常运行
正常运行,正常运行
正常运行,正常运行
正常运行,正常运行
正常运行,正常运行
正常运行,正常运行
正常运行,正常运行
正常运行,正常运行
正常运行,正常运行
正常运行,正常运行
正常运行,正常运行
正常运行,正常运行
正常运行,正常运行
正常运行,正常运行
正常运行,正常运行
正常运行,正常运行
正常运行,正常运行
正常运行,正常运行
正常运行,正常运行
正常运行,正常运行
正常运行,正常运行
正常运行,正常运行
正常运行,正常运行
正常运行,正常运行
正常运行,正常运行
正常运行,正常运行
正常运行,正常运行
正常运行,正常运行
正常运行,正常运行
正常运行,正常运行
正常运行,正常运行
正常运行,正常运行
正常运行,正常运行
正常运行,正常运行
正常运行,正常运行
正常运行,正常运行
正常运行,正常运行
正常运行,正常运行
正常运行,正常运行
正常运行,正常运行
正常运行,正常运行
正常运行,正常运行
正常运行,正常运行
正常运行,正常运行
正常运行,正常运行
正常运行,正常运行
正常运行,正常运行
正常运行,正常运行
正常运行,正常运行
正常运行,正常运行
正常运行,正常运行
正常运行,正常运行
正常运行,正常运行
电力供应故障,电力供应故障
正常运行,正常运行
正常运行,正常运行
正常运行,正常运行
正常运行,正常运行
正常运行,正常运行
正常运行,正常运行
正常运行,正常运行
电力供应故障,电力供应故障
正常运行,正常运行
正常运行,正常运行
散热系统故障,散热系统故障
正常运行,正常运行
正常运行,正常运行
正常运行,正常运行
正常运行,正常运行
正常运行,正常运行
正常运行,正常运行
正常运行,正常运行
正常运行,正常运行
正常运行,正常运行
正常运行,正常运行
正常运行,正常运行
正常运行,正常运行
正常运行,正常运行
正常运行,正常运行
正常运行,正常运行
正常运行,正常运行
正常运行,正常运行
正常运行,正常运行
正常运行,正常运行
正常运行,正常运行
正常运行,正常运行
正常运行,正常运行
正常运行,正常运行
正常运行,正常运行
正常运行,正常运行
正常运行,正常运行
正常运行,正常运行
正常运行,正常运行
正常运行,正常运行
正常运行,正常运行
正常运行,正常运行
正常运行,正常运行
正常运行,正常运行
正常运行,正常运行
正常运行,正常运行
正常运行,正常运行
正常运行,正常运行
正常运行,正常运行
正常运行,正常运行
传动系统异常,传动系统异常
正常运行,正常运行
正常运行,正常运行
正常运行,正常运行
正常运行,正常运行
正常运行,正常运行
正常运行,正常运行
正常运行,正常运行
正常运行,正常运行
正常运行,正常运行
正常运行,正常运行
正常运行,正常运行
正常运行,正常运行
正常运行,正常运行
正常运行,正常运行
正常运行,正常运行
正常运行,正常运行
正常运行,正常运行
正常运行,正常运行
正常运行,正常运行
正常运行,正常运行
正常运行,正常运行
正常运行,正常运行
正常运行,正常运行
正常运行,正常运行
正常运行,正常运行
正常运行,正常运行
正常运行,正常运行
正常运行,正常运行
正常运行,正常运行
正常运行,正常运行
正常运行,正常运行
正常运行,正常运行
正常运行,正常运行
正常运行,正常运行
正常运行,正常运行
正常运行,正常运行
正常运行,正常运行
正常运行,正常运行
正常运行,正常运行
正常运行,正常运行
正常运行,正常运行
正常运行,正常运行
正常运行,正常运行
正常运行,正常运行
正常运行,正常运行
正常运行,正常运行
正常运行,正常运行
正常运行,正常运行
正常运行,正常运行
正常运行,正常运行
正常运行,正常运行
正常运行,正常运行
正常运行,正常运行
正常运行,正常运行
正常运行,正常运行
正常运行,正常运行
正常运行,正常运行
正常运行,正常运行
正常运行,正常运行
正常运行,正常运行
润滑系统异常,润滑系统异常
正常运行,正常运行
正常运行,正常运行
正常运行,正常运行
正常运行,正常运行
正常运行,正常运行
正常运行,正常运行
正常运行,正常运行
正常运行,正常运行
正常运行,正常运行
散热系统故障,散热系统故障
正常运行,正常运行
正常运行,正常运行
正常运行,正常运行
正常运行,正常运行
正常运行,正常运行
正常运行,正常运行
正常运行,正常运行
正常运行,正常运行
正常运行,正常运行
正常运行,正常运行
正常运行,正常运行
正常运行,正常运行
正常运行,正常运行
正常运行,正常运行
正常运行,正常运行
正常运行,正常运行
正常运行,正常运行
传动系统异常,传动系统异常
电力供应故障,电力供应故障
正常运行,正常运行
正常运行,正常运行
正常运行,正常运行
正常运行,正常运行
正常运行,正常运行
正常运行,正常运行
电力供应故障,电力供应故障
正常运行,正常运行
正常运行,正常运行
正常运行,正常运行
正常运行,正常运行
润滑系统异常,润滑系统异常
正常运行,正常运行
正常运行,正常运行
正常运行,正常运行
正常运行,正常运行
润滑系统异常,润滑系统异常
正常运行,正常运行
正常运行,正常运行
正常运行,正常运行
正常运行,正常运行
正常运行,正常运行
正常运行,正常运行
正常运行,正常运行
正常运行,正常运行
正常运行,正常运行
正常运行,正常运行
正常运行,正常运行
正常运行,正常运行
正常运行,正常运行
正常运行,正常运行
正常运行,正常运行
正常运行,正常运行
正常运行,正常运行
正常运行,正常运行
正常运行,正常运行
正常运行,正常运行
正常运行,正常运行
正常运行,正常运行
正常运行,正常运行
正常运行,正常运行
正常运行,正常运行
正常运行,正常运行
正常运行,正常运行
正常运行,正常运行
正常运行,正常运行
正常运行,正常运行
正常运行,正常运行
正常运行,正常运行
正常运行,正常运行
润滑系统异常,润滑系统异常
正常运行,正常运行
正常运行,正常运行
正常运行,正常运行
正常运行,正常运行
正常运行,正常运行
正常运行,正常运行
正常运行,正常运行
正常运行,正常运行
正常运行,正常运行
正常运行,正常运行
正常运行,正常运行
正常运行,正常运行
正常运行,正常运行
正常运行,正常运行
正常运行,正常运行
正常运行,正常运行
正常运行,正常运行
正常运行,正常运行
正常运行,正常运行
正常运行,正常运行
正常运行,正常运行
正常运行,正常运行
正常运行,正常运行
正常运行,正常运行
正常运行,正常运行
正常运行,正常运行
正常运行,正常运行
正常运行,正常运行
散热系统故障,散热系统故障
正常运行,正常运行
正常运行,正常运行
正常运行,正常运行
正常运行,正常运行
正常运行,正常运行
正常运行,正常运行
正常运行,正常运行
正常运行,正常运行
正常运行,正常运行
正常运行,正常运行
正常运行,正常运行
正常运行,正常运行
正常运行,正常运行
正常运行,正常运行
正常运行,正常运行
正常运行,正常运行
正常运行,正常运行
正常运行,正常运行
正常运行,正常运行
正常运行,正常运行
正常运行,正常运行
正常运行,正常运行
正常运行,正常运行
正常运行,正常运行
正常运行,正常运行
正常运行,正常运行
正常运行,正常运行
正常运行,正常运行
正常运行,正常运行
正常运行,正常运行
正常运行,正常运行
正常运行,正常运行
正常运行,正常运行
正常运行,正常运行
正常运行,正常运行
正常运行,正常运行
正常运行,正常运行
正常运行,正常运行
正常运行,正常运行
正常运行,正常运行
正常运行,正常运行
正常运行,正常运行
正常运行,正常运行
正常运行,正常运行
正常运行,正常运行
正常运行,正常运行
正常运行,正常运行
正常运行,正常运行
正常运行,正常运行
正常运行,正常运行
散热系统故障,散热系统故障
正常运行,正常运行
正常运行,正常运行
正常运行,正常运行
正常运行,正常运行
正常运行,正常运行
正常运行,正常运行
正常运行,正常运行
正常运行,正常运行
正常运行,正常运行
正常运行,正常运行
正常运行,正常运行
正常运行,正常运行
正常运行,正常运行
正常运行,正常运行
润滑系统异常,润滑系统异常
电力供应故障,电力供应故障
正常运行,正常运行
正常运行,正常运行
正常运行,正常运行
正常运行,正常运行
正常运行,正常运行
正常运行,正常运行
正常运行,正常运行
正常运行,正常运行
正常运行,正常运行
正常运行,正常运行
正常运行,正常运行
正常运行,正常运行
正常运行,正常运行
正常运行,正常运行
正常运行,正常运行
正常运行,正常运行
正常运行,正常运行
正常运行,正常运行
正常运行,正常运行
传动系统异常,传动系统异常
正常运行,正常运行
正常运行,正常运行
正常运行,正常运行
正常运行,正常运行
电力供应故障,电力供应故障
正常运行,正常运行
正常运行,正常运行
正常运行,正常运行
散热系统故障,散热系统故障
润滑系统异常,润滑系统异常
正常运行,正常运行
正常运行,正常运行
正常运行,正常运行
正常运行,正常运行
正常运行,正常运行
正常运行,正常运行
正常运行,正常运行
正常运行,正常运行
电力供应故障,电力供应故障
正常运行,正常运行
正常运行,正常运行
正常运行,正常运行
正常运行,正常运行
正常运行,正常运行
正常运行,正常运行
正常运行,正常运行
电力供应故障,电力供应故障
散热系统故障,散热系统故障
正常运行,正常运行
正常运行,正常运行
正常运行,正常运行
正常运行,正常运行
正常运行,正常运行
正常运行,正常运行
正常运行,正常运行
正常运行,正常运行
正常运行,正常运行
正常运行,正常运行
正常运行,正常运行
正常运行,正常运行
正常运行,正常运行
正常运行,正常运行
正常运行,正常运行
正常运行,正常运行
正常运行,正常运行
正常运行,正常运行
正常运行,正常运行
正常运行,正常运行
正常运行,正常运行
正常运行,正常运行
正常运行,正常运行
正常运行,正常运行
正常运行,正常运行
正常运行,正常运行
正常运行,正常运行
正常运行,正常运行
正常运行,正常运行
正常运行,正常运行
正常运行,正常运行
正常运行,正常运行
正常运行,正常运行
正常运行,正常运行
正常运行,正常运行
正常运行,正常运行
正常运行,正常运行
正常运行,正常运行
正常运行,正常运行
正常运行,正常运行
散热系统故障,散热系统故障
正常运行,正常运行
正常运行,正常运行
正常运行,正常运行
正常运行,正常运行
正常运行,正常运行
正常运行,正常运行
正常运行,正常运行
正常运行,正常运行
正常运行,正常运行
正常运行,正常运行
正常运行,正常运行
正常运行,正常运行
正常运行,正常运行
正常运行,正常运行
电力供应故障,电力供应故障
正常运行,正常运行
正常运行,正常运行
正常运行,正常运行
正常运行,正常运行
正常运行,正常运行
正常运行,正常运行
正常运行,正常运行
正常运行,正常运行
传动系统异常,传动系统异常
正常运行,正常运行
正常运行,正常运行
润滑系统异常,润滑系统异常
正常运行,正常运行
正常运行,正常运行
正常运行,正常运行
正常运行,正常运行
正常运行,正常运行
正常运行,正常运行
正常运行,正常运行
正常运行,正常运行
正常运行,正常运行
正常运行,正常运行
正常运行,正常运行
散热系统故障,散热系统故障
正常运行,正常运行
正常运行,正常运行
传动系统异常,传动系统异常
正常运行,正常运行
正常运行,正常运行
正常运行,正常运行
正常运行,正常运行
正常运行,正常运行
正常运行,正常运行
正常运行,正常运行
正常运行,正常运行
正常运行,正常运行
正常运行,正常运行
正常运行,正常运行
电力供应故障,电力供应故障
正常运行,正常运行
正常运行,正常运行
正常运行,正常运行
正常运行,正常运行
正常运行,正常运行
正常运行,正常运行
正常运行,正常运行
正常运行,正常运行
正常运行,正常运行
正常运行,正常运行
正常运行,正常运行
正常运行,正常运行
正常运行,正常运行
正常运行,正常运行
正常运行,正常运行
正常运行,正常运行
正常运行,正常运行
正常运行,正常运行
正常运行,正常运行
正常运行,正常运行
传动系统异常,传动系统异常
正常运行,正常运行
正常运行,正常运行
正常运行,正常运行
正常运行,正常运行
正常运行,正常运行
正常运行,正常运行
正常运行,正常运行
正常运行,正常运行
正常运行,正常运行
正常运行,正常运行
正常运行,正常运行
正常运行,正常运行
正常运行,正常运行
正常运行,正常运行
正常运行,正常运行
正常运行,正常运行
正常运行,正常运行
正常运行,正常运行
正常运行,正常运行
正常运行,正常运行
正常运行,正常运行
电力供应故障,电力供应故障
正常运行,正常运行
正常运行,正常运行
正常运行,正常运行
正常运行,正常运行
正常运行,正常运行
正常运行,正常运行
正常运行,正常运行
正常运行,正常运行
正常运行,正常运行
正常运行,正常运行
正常运行,正常运行
正常运行,正常运行
传动系统异常,传动系统异常
正常运行,正常运行
正常运行,正常运行
正常运行,正常运行
正常运行,正常运行
正常运行,正常运行
正常运行,正常运行
正常运行,正常运行
正常运行,正常运行
正常运行,正常运行
正常运行,正常运行
正常运行,正常运行
正常运行,正常运行
正常运行,正常运行
正常运行,正常运行
正常运行,正常运行
正常运行,正常运行
正常运行,正常运行
正常运行,正常运行
正常运行,正常运行
正常运行,正常运行
正常运行,正常运行
正常运行,正常运行
散热系统故障,散热系统故障
正常运行,正常运行
正常运行,正常运行
正常运行,正常运行
正常运行,正常运行
正常运行,正常运行
正常运行,正常运行
正常运行,正常运行
正常运行,正常运行
正常运行,正常运行
正常运行,正常运行
正常运行,正常运行
散热系统故障,散热系统故障
正常运行,正常运行
正常运行,正常运行
传动系统异常,传动系统异常
正常运行,正常运行
正常运行,正常运行
正常运行,正常运行
正常运行,正常运行
正常运行,正常运行
正常运行,正常运行
正常运行,正常运行
正常运行,正常运行
正常运行,正常运行
正常运行,正常运行
正常运行,正常运行
正常运行,正常运行
正常运行,正常运行
正常运行,正常运行
正常运行,正常运行
正常运行,正常运行
正常运行,正常运行
正常运行,正常运行
正常运行,正常运行
正常运行,正常运行
正常运行,正常运行
正常运行,正常运行
正常运行,正常运行
正常运行,正常运行
正常运行,正常运行
正常运行,正常运行
正常运行,正常运行
正常运行,正常运行
正常运行,正常运行
正常运行,正常运行
正常运行,正常运行
正常运行,正常运行
正常运行,正常运行
正常运行,正常运行
正常运行,正常运行
正常运行,正常运行
正常运行,正常运行
正常运行,正常运行
正常运行,正常运行
正常运行,正常运行
正常运行,正常运行
正常运行,正常运行
正常运行,正常运行
正常运行,正常运行
正常运行,正常运行
润滑系统异常,润滑系统异常
润滑系统异常,润滑系统异常
正常运行,正常运行
正常运行,正常运行
正常运行,正常运行
正常运行,正常运行
正常运行,正常运行
正常运行,正常运行
正常运行,正常运行
正常运行,正常运行
正常运行,正常运行
正常运行,正常运行
正常运行,正常运行
正常运行,正常运行
正常运行,正常运行
正常运行,正常运行
正常运行,正常运行
正常运行,正常运行
传动系统异常,传动系统异常
正常运行,正常运行
正常运行,正常运行
正常运行,正常运行
正常运行,正常运行
正常运行,正常运行
正常运行,正常运行
正常运行,正常运行
正常运行,正常运行
正常运行,正常运行
正常运行,正常运行
电力供应故障,电力供应故障
正常运行,正常运行
正常运行,正常运行
正常运行,正常运行
散热系统故障,散热系统故障
正常运行,正常运行
正常运行,正常运行
正常运行,正常运行
正常运行,正常运行
正常运行,正常运行
正常运行,正常运行
散热系统故障,散热系统故障
正常运行,正常运行
正常运行,正常运行
散热系统故障,散热系统故障
正常运行,正常运行
正常运行,正常运行
正常运行,正常运行
正常运行,正常运行
正常运行,正常运行
正常运行,正常运行
正常运行,正常运行
正常运行,正常运行
正常运行,正常运行
正常运行,正常运行
正常运行,正常运行
正常运行,正常运行
正常运行,正常运行
正常运行,正常运行
正常运行,正常运行
正常运行,正常运行
正常运行,正常运行
正常运行,正常运行
正常运行,正常运行
正常运行,正常运行
正常运行,正常运行
正常运行,正常运行
正常运行,正常运行
正常运行,正常运行
散热系统故障,散热系统故障
正常运行,正常运行
正常运行,正常运行
正常运行,正常运行
正常运行,正常运行
正常运行,正常运行
正常运行,正常运行
正常运行,正常运行
正常运行,正常运行
传动系统异常,传动系统异常
正常运行,正常运行
正常运行,正常运行
正常运行,正常运行
正常运行,正常运行
正常运行,正常运行
正常运行,正常运行
正常运行,正常运行
正常运行,正常运行
正常运行,正常运行
正常运行,正常运行
正常运行,正常运行
正常运行,正常运行
正常运行,正常运行
正常运行,正常运行
正常运行,正常运行
正常运行,正常运行
正常运行,正常运行
正常运行,正常运行
正常运行,正常运行
正常运行,正常运行
正常运行,正常运行
正常运行,正常运行
正常运行,正常运行
正常运行,正常运行
正常运行,正常运行
正常运行,正常运行
正常运行,正常运行
正常运行,正常运行
散热系统故障,散热系统故障
正常运行,正常运行
正常运行,正常运行
正常运行,正常运行
正常运行,正常运行
正常运行,正常运行
正常运行,正常运行
正常运行,正常运行
正常运行,正常运行
正常运行,正常运行
正常运行,正常运行
正常运行,正常运行
正常运行,正常运行
正常运行,正常运行
正常运行,正常运行
正常运行,正常运行
正常运行,正常运行
正常运行,正常运行
正常运行,正常运行
正常运行,正常运行
正常运行,正常运行
正常运行,正常运行
正常运行,正常运行
正常运行,正常运行
正常运行,正常运行
正常运行,正常运行
正常运行,正常运行
正常运行,正常运行
正常运行,正常运行
正常运行,正常运行
正常运行,正常运行
正常运行,正常运行
正常运行,正常运行
正常运行,正常运行
散热系统故障,散热系统故障
正常运行,正常运行
正常运行,正常运行
正常运行,正常运行
正常运行,正常运行
正常运行,正常运行
正常运行,正常运行
正常运行,正常运行
正常运行,正常运行
正常运行,正常运行
正常运行,正常运行
正常运行,正常运行
正常运行,正常运行
电力供应故障,电力供应故障
正常运行,正常运行
正常运行,正常运行
正常运行,正常运行
正常运行,正常运行
正常运行,正常运行
正常运行,正常运行
传动系统异常,传动系统异常
正常运行,正常运行
正常运行,正常运行
正常运行,正常运行
正常运行,正常运行
正常运行,正常运行
正常运行,正常运行
正常运行,正常运行
正常运行,正常运行
正常运行,正常运行
电力供应故障,电力供应故障
润滑系统异常,润滑系统异常
正常运行,正常运行
正常运行,正常运行
正常运行,正常运行
正常运行,正常运行
正常运行,正常运行
正常运行,正常运行
正常运行,正常运行
正常运行,正常运行
正常运行,正常运行
正常运行,正常运行
正常运行,正常运行
正常运行,正常运行
正常运行,正常运行
正常运行,正常运行
正常运行,正常运行
正常运行,正常运行
正常运行,正常运行
正常运行,正常运行
正常运行,正常运行
正常运行,正常运行
正常运行,正常运行
正常运行,正常运行
正常运行,正常运行
正常运行,正常运行
正常运行,正常运行
正常运行,正常运行
正常运行,正常运行
正常运行,正常运行
正常运行,正常运行
正常运行,正常运行
正常运行,正常运行
正常运行,正常运行
正常运行,正常运行
润滑系统异常,润滑系统异常
正常运行,正常运行
正常运行,正常运行
正常运行,正常运行
正常运行,正常运行
正常运行,正常运行
正常运行,正常运行
正常运行,正常运行
正常运行,正常运行
正常运行,正常运行
正常运行,正常运行
正常运行,正常运行
正常运行,正常运行
正常运行,正常运行
正常运行,正常运行
正常运行,正常运行
正常运行,正常运行
正常运行,正常运行
正常运行,正常运行
正常运行,正常运行
传动系统异常,传动系统异常
正常运行,正常运行
正常运行,正常运行
正常运行,正常运行
正常运行,正常运行
正常运行,正常运行
正常运行,正常运行
正常运行,正常运行
正常运行,正常运行
正常运行,正常运行
正常运行,正常运行
正常运行,正常运行
正常运行,正常运行
正常运行,正常运行
正常运行,正常运行
正常运行,正常运行
正常运行,正常运行
正常运行,正常运行
正常运行,正常运行
正常运行,正常运行
正常运行,正常运行
正常运行,正常运行
正常运行,正常运行
正常运行,正常运行
正常运行,正常运行
正常运行,正常运行
正常运行,正常运行
正常运行,正常运行
正常运行,正常运行
正常运行,正常运行
正常运行,正常运行
正常运行,正常运行
正常运行,正常运行
正常运行,正常运行
正常运行,正常运行
正常运行,正常运行
正常运行,正常运行
散热系统故障,散热系统故障
正常运行,正常运行
正常运行,正常运行
正常运行,正常运行
正常运行,正常运行
正常运行,正常运行
正常运行,正常运行
正常运行,正常运行
正常运行,正常运行
正常运行,正常运行
正常运行,正常运行
正常运行,正常运行
正常运行,正常运行
正常运行,正常运行
正常运行,正常运行
正常运行,正常运行
正常运行,正常运行
正常运行,正常运行
正常运行,正常运行
正常运行,正常运行
正常运行,正常运行
正常运行,正常运行
正常运行,正常运行
正常运行,正常运行
正常运行,正常运行
正常运行,正常运行
正常运行,正常运行
正常运行,正常运行
正常运行,正常运行
正常运行,正常运行
正常运行,正常运行
正常运行,正常运行
正常运行,正常运行
正常运行,正常运行
正常运行,正常运行
正常运行,正常运行
正常运行,正常运行
正常运行,正常运行
正常运行,正常运行
正常运行,正常运行
正常运行,正常运行
正常运行,正常运行
正常运行,正常运行
正常运行,正常运行
正常运行,正常运行
电力供应故障,电力供应故障
正常运行,正常运行
正常运行,正常运行
正常运行,正常运行
正常运行,正常运行
正常运行,正常运行
正常运行,正常运行
正常运行,正常运行
散热系统故障,散热系统故障
正常运行,正常运行
正常运行,正常运行
正常运行,正常运行
正常运行,正常运行
正常运行,正常运行
正常运行,正常运行
正常运行,正常运行
正常运行,正常运行
正常运行,正常运行
正常运行,正常运行
正常运行,正常运行
正常运行,正常运行
正常运行,正常运行
正常运行,正常运行
正常运行,正常运行
正常运行,正常运行
正常运行,正常运行
正常运行,正常运行
正常运行,正常运行
正常运行,正常运行
正常运行,正常运行
正常运行,正常运行
正常运行,正常运行
正常运行,正常运行
正常运行,正常运行
正常运行,正常运行
正常运行,正常运行
正常运行,正常运行
正常运行,正常运行
正常运行,正常运行
正常运行,正常运行
正常运行,正常运行
正常运行,正常运行
正常运行,正常运行
正常运行,正常运行
正常运行,正常运行
正常运行,正常运行
正常运行,正常运行
正常运行,正常运行
正常运行,正常运行
正常运行,正常运行
正常运行,正常运行
正常运行,正常运行
正常运行,正常运行
正常运行,正常运行
正常运行,正常运行
散热系统故障,散热系统故障
正常运行,正常运行
正常运行,正常运行
正常运行,正常运行
正常运行,正常运行
正常运行,正常运行
正常运行,正常运行
正常运行,正常运行
正常运行,正常运行
正常运行,正常运行
正常运行,正常运行
正常运行,正常运行
正常运行,正常运行
正常运行,正常运行
正常运行,正常运行
正常运行,正常运行
正常运行,正常运行
正常运行,正常运行
正常运行,正常运行
正常运行,正常运行
正常运行,正常运行
正常运行,正常运行
正常运行,正常运行
正常运行,正常运行
正常运行,正常运行
正常运行,正常运行
正常运行,正常运行
润滑系统异常,润滑系统异常
正常运行,正常运行
正常运行,正常运行
正常运行,正常运行
正常运行,正常运行
正常运行,正常运行
正常运行,正常运行
正常运行,正常运行
正常运行,正常运行
正常运行,正常运行
润滑系统异常,润滑系统异常
正常运行,正常运行
正常运行,正常运行
正常运行,正常运行
正常运行,正常运行
正常运行,正常运行
正常运行,正常运行
正常运行,正常运行
散热系统故障,散热系统故障
正常运行,正常运行
正常运行,正常运行
正常运行,正常运行
正常运行,正常运行
正常运行,正常运行
正常运行,正常运行
正常运行,正常运行
正常运行,正常运行
正常运行,正常运行
正常运行,正常运行
正常运行,正常运行
正常运行,正常运行
正常运行,正常运行
正常运行,正常运行
正常运行,正常运行
正常运行,正常运行
正常运行,正常运行
正常运行,正常运行
正常运行,正常运行
正常运行,正常运行
正常运行,正常运行
正常运行,正常运行
正常运行,正常运行
正常运行,正常运行
正常运行,正常运行
正常运行,正常运行
正常运行,正常运行
正常运行,正常运行
正常运行,正常运行
正常运行,正常运行
正常运行,正常运行
正常运行,正常运行
正常运行,正常运行
正常运行,正常运行
正常运行,正常运行
正常运行,正常运行
正常运行,正常运行
正常运行,正常运行
正常运行,正常运行
正常运行,正常运行
正常运行,正常运行
正常运行,正常运行
正常运行,正常运行
正常运行,正常运行
正常运行,正常运行
正常运行,正常运行
正常运行,正常运行
正常运行,正常运行
正常运行,正常运行
正常运行,正常运行
正常运行,正常运行
正常运行,正常运行
正常运行,正常运行
正常运行,正常运行
正常运行,正常运行
正常运行,正常运行
正常运行,正常运行
正常运行,正常运行
正常运行,正常运行
正常运行,正常运行
正常运行,正常运行
正常运行,正常运行
正常运行,正常运行
正常运行,正常运行
正常运行,正常运行
正常运行,正常运行
正常运行,正常运行
正常运行,正常运行
正常运行,正常运行
正常运行,正常运行
正常运行,正常运行
正常运行,正常运行
正常运行,正常运行
正常运行,正常运行
润滑系统异常,润滑系统异常
正常运行,正常运行
正常运行,正常运行
正常运行,正常运行
正常运行,正常运行
正常运行,正常运行
正常运行,正常运行
正常运行,正常运行
正常运行,正常运行
正常运行,正常运行
正常运行,正常运行
正常运行,正常运行
正常运行,正常运行
正常运行,正常运行
正常运行,正常运行
正常运行,正常运行
正常运行,正常运行
正常运行,正常运行
正常运行,正常运行
正常运行,正常运行
正常运行,正常运行
正常运行,正常运行
正常运行,正常运行
正常运行,正常运行
正常运行,正常运行
正常运行,正常运行
正常运行,正常运行
正常运行,正常运行
正常运行,正常运行
正常运行,正常运行
正常运行,正常运行
正常运行,正常运行
正常运行,正常运行
正常运行,正常运行
正常运行,正常运行
正常运行,正常运行
正常运行,正常运行
正常运行,正常运行
散热系统故障,散热系统故障
正常运行,正常运行
正常运行,正常运行
正常运行,正常运行
正常运行,正常运行
正常运行,正常运行
正常运行,正常运行
正常运行,正常运行
正常运行,正常运行
正常运行,正常运行
正常运行,正常运行
正常运行,正常运行
正常运行,正常运行
正常运行,正常运行
正常运行,正常运行
正常运行,正常运行
正常运行,正常运行
正常运行,正常运行
正常运行,正常运行
正常运行,正常运行
正常运行,正常运行
正常运行,正常运行
正常运行,正常运行
正常运行,正常运行
正常运行,正常运行
正常运行,正常运行
正常运行,正常运行
正常运行,正常运行
正常运行,正常运行
正常运行,正常运行
正常运行,正常运行
正常运行,正常运行
正常运行,正常运行
正常运行,正常运行
正常运行,正常运行
正常运行,正常运行
正常运行,正常运行
正常运行,正常运行
正常运行,正常运行
正常运行,正常运行
正常运行,正常运行
正常运行,正常运行
正常运行,正常运行
正常运行,正常运行
正常运行,正常运行
正常运行,正常运行
正常运行,正常运行
正常运行,正常运行
正常运行,正常运行
正常运行,正常运行
正常运行,正常运行
电力供应故障,电力供应故障
正常运行,正常运行
正常运行,正常运行
正常运行,正常运行
正常运行,正常运行
正常运行,正常运行
正常运行,正常运行
正常运行,正常运行
正常运行,正常运行
正常运行,正常运行
正常运行,正常运行
正常运行,正常运行
润滑系统异常,润滑系统异常
正常运行,正常运行
正常运行,正常运行
正常运行,正常运行
正常运行,正常运行
正常运行,正常运行
正常运行,正常运行
正常运行,正常运行
正常运行,正常运行
正常运行,正常运行
正常运行,正常运行
正常运行,正常运行
正常运行,正常运行
正常运行,正常运行
正常运行,正常运行
正常运行,正常运行
正常运行,正常运行
正常运行,正常运行
正常运行,正常运行
正常运行,正常运行
正常运行,正常运行
正常运行,正常运行
正常运行,正常运行
正常运行,正常运行
正常运行,正常运行
正常运行,正常运行
正常运行,正常运行
正常运行,正常运行
散热系统故障,散热系统故障
正常运行,正常运行
正常运行,正常运行
正常运行,正常运行
正常运行,正常运行
正常运行,正常运行
正常运行,正常运行
正常运行,正常运行
正常运行,正常运行
正常运行,正常运行
正常运行,正常运行
正常运行,正常运行
正常运行,正常运行
正常运行,正常运行
正常运行,正常运行
正常运行,正常运行
正常运行,正常运行
正常运行,正常运行
正常运行,正常运行
正常运行,正常运行
正常运行,正常运行
正常运行,正常运行
正常运行,正常运行
正常运行,正常运行
正常运行,正常运行
正常运行,正常运行
正常运行,正常运行
正常运行,正常运行
正常运行,正常运行
正常运行,正常运行
正常运行,正常运行
正常运行,正常运行
正常运行,正常运行
正常运行,正常运行
散热系统故障,散热系统故障
正常运行,正常运行
正常运行,正常运行
正常运行,正常运行
正常运行,正常运行
正常运行,正常运行
正常运行,正常运行
正常运行,正常运行
润滑系统异常,润滑系统异常
正常运行,正常运行
正常运行,正常运行
正常运行,正常运行
正常运行,正常运行
正常运行,正常运行
正常运行,正常运行
正常运行,正常运行
正常运行,正常运行
正常运行,正常运行
正常运行,正常运行
正常运行,正常运行
正常运行,正常运行
正常运行,正常运行
正常运行,正常运行
正常运行,正常运行
正常运行,正常运行
正常运行,正常运行
正常运行,正常运行
散热系统故障,散热系统故障
正常运行,正常运行
正常运行,正常运行
正常运行,正常运行
正常运行,正常运行
正常运行,正常运行
正常运行,正常运行
正常运行,正常运行
正常运行,正常运行
正常运行,正常运行
正常运行,正常运行
正常运行,正常运行
正常运行,正常运行
正常运行,正常运行
正常运行,正常运行
正常运行,正常运行
正常运行,正常运行
正常运行,正常运行
正常运行,正常运行
散热系统故障,散热系统故障
正常运行,正常运行
正常运行,正常运行
正常运行,正常运行
正常运行,正常运行
正常运行,正常运行
正常运行,正常运行
正常运行,正常运行
正常运行,正常运行
正常运行,正常运行
散热系统故障,散热系统故障
正常运行,正常运行
正常运行,正常运行
正常运行,正常运行
正常运行,正常运行
正常运行,正常运行
正常运行,正常运行
正常运行,正常运行
正常运行,正常运行
正常运行,正常运行
正常运行,正常运行
正常运行,正常运行
正常运行,正常运行
正常运行,正常运行
正常运行,正常运行
正常运行,正常运行
正常运行,正常运行
正常运行,正常运行
正常运行,正常运行
正常运行,正常运行
正常运行,正常运行
正常运行,正常运行
正常运行,正常运行
正常运行,正常运行
正常运行,正常运行
正常运行,正常运行
正常运行,正常运行
正常运行,正常运行
正常运行,正常运行
正常运行,正常运行
正常运行,正常运行
正常运行,正常运行
传动系统异常,传动系统异常
正常运行,正常运行
正常运行,正常运行
正常运行,正常运行
正常运行,正常运行
正常运行,正常运行
正常运行,正常运行
正常运行,正常运行
正常运行,正常运行
正常运行,正常运行
正常运行,正常运行
正常运行,正常运行
正常运行,正常运行
正常运行,正常运行
正常运行,正常运行
正常运行,正常运行
正常运行,正常运行
正常运行,正常运行
正常运行,正常运行
正常运行,正常运行
正常运行,正常运行
正常运行,正常运行
正常运行,正常运行
正常运行,正常运行
正常运行,正常运行
正常运行,正常运行
正常运行,正常运行
正常运行,正常运行
正常运行,正常运行
正常运行,正常运行
正常运行,正常运行
正常运行,正常运行
正常运行,正常运行
正常运行,正常运行
正常运行,正常运行
正常运行,正常运行
正常运行,正常运行
正常运行,正常运行
正常运行,正常运行
正常运行,正常运行
正常运行,正常运行
正常运行,正常运行
正常运行,正常运行
正常运行,正常运行
正常运行,正常运行
正常运行,正常运行
正常运行,正常运行
正常运行,正常运行
正常运行,正常运行
正常运行,正常运行
润滑系统异常,润滑系统异常
正常运行,正常运行
正常运行,正常运行
正常运行,正常运行
正常运行,正常运行
正常运行,正常运行
正常运行,正常运行
正常运行,正常运行
正常运行,正常运行
正常运行,正常运行
正常运行,正常运行
正常运行,正常运行
正常运行,正常运行
正常运行,正常运行
正常运行,正常运行
正常运行,正常运行
正常运行,正常运行
正常运行,正常运行
正常运行,正常运行
正常运行,正常运行
正常运行,正常运行
正常运行,正常运行
正常运行,正常运行
正常运行,正常运行
正常运行,正常运行
正常运行,正常运行
正常运行,正常运行
正常运行,正常运行
正常运行,正常运行
正常运行,正常运行
正常运行,正常运行
正常运行,正常运行
散热系统故障,散热系统故障
正常运行,正常运行
正常运行,正常运行
正常运行,正常运行
正常运行,正常运行
正常运行,正常运行
正常运行,正常运行
正常运行,正常运行
正常运行,正常运行
正常运行,正常运行
正常运行,正常运行
正常运行,正常运行
正常运行,正常运行
正常运行,正常运行
正常运行,正常运行
正常运行,正常运行
正常运行,正常运行
正常运行,正常运行
正常运行,正常运行
正常运行,正常运行
正常运行,正常运行
散热系统故障,散热系统故障
正常运行,正常运行
正常运行,正常运行
正常运行,正常运行
正常运行,正常运行
正常运行,正常运行
正常运行,正常运行
正常运行,正常运行
电力供应故障,电力供应故障
正常运行,正常运行
正常运行,正常运行
正常运行,正常运行
正常运行,正常运行
正常运行,正常运行
正常运行,正常运行
正常运行,正常运行
正常运行,正常运行
正常运行,正常运行
正常运行,正常运行
正常运行,正常运行
正常运行,正常运行
正常运行,正常运行
正常运行,正常运行
正常运行,正常运行
润滑系统异常,润滑系统异常
正常运行,正常运行
正常运行,正常运行
润滑系统异常,润滑系统异常
正常运行,正常运行
正常运行,正常运行
正常运行,正常运行
正常运行,正常运行
正常运行,正常运行
正常运行,正常运行
正常运行,正常运行
正常运行,正常运行
正常运行,正常运行
正常运行,正常运行
正常运行,正常运行
正常运行,正常运行
正常运行,正常运行
正常运行,正常运行
正常运行,正常运行
正常运行,正常运行
正常运行,正常运行
正常运行,正常运行
正常运行,正常运行
正常运行,正常运行
正常运行,正常运行
正常运行,正常运行
正常运行,正常运行
正常运行,正常运行
正常运行,正常运行
传动系统异常,传动系统异常
正常运行,正常运行
正常运行,正常运行
正常运行,正常运行
正常运行,正常运行
正常运行,正常运行
正常运行,正常运行
正常运行,正常运行
正常运行,正常运行
正常运行,正常运行
正常运行,正常运行
正常运行,正常运行
正常运行,正常运行
正常运行,正常运行
正常运行,正常运行
传动系统异常,传动系统异常
正常运行,正常运行
正常运行,正常运行
正常运行,正常运行
正常运行,正常运行
正常运行,正常运行
正常运行,正常运行
正常运行,正常运行
正常运行,正常运行
正常运行,正常运行
正常运行,正常运行
正常运行,正常运行
正常运行,正常运行
正常运行,正常运行
正常运行,正常运行
正常运行,正常运行
正常运行,正常运行
正常运行,正常运行
正常运行,正常运行
正常运行,正常运行
正常运行,正常运行
正常运行,正常运行
正常运行,正常运行
正常运行,正常运行
正常运行,正常运行
正常运行,正常运行
正常运行,正常运行
正常运行,正常运行
正常运行,正常运行
正常运行,正常运行
正常运行,正常运行
正常运行,正常运行
正常运行,正常运行
正常运行,正常运行
正常运行,正常运行
正常运行,正常运行
正常运行,正常运行
正常运行,正常运行
正常运行,正常运行
正常运行,正常运行
正常运行,正常运行
正常运行,正常运行
正常运行,正常运行
正常运行,正常运行
正常运行,正常运行
正常运行,正常运行
正常运行,正常运行
正常运行,正常运行
润滑系统异常,润滑系统异常
正常运行,正常运行
正常运行,正常运行
正常运行,正常运行
正常运行,正常运行
正常运行,正常运行
正常运行,正常运行
正常运行,正常运行
润滑系统异常,润滑系统异常
正常运行,正常运行
正常运行,正常运行
正常运行,正常运行
正常运行,正常运行
正常运行,正常运行
正常运行,正常运行
正常运行,正常运行
正常运行,正常运行
正常运行,正常运行
正常运行,正常运行
正常运行,正常运行
正常运行,正常运行
正常运行,正常运行
正常运行,正常运行
正常运行,正常运行
正常运行,正常运行
正常运行,正常运行
正常运行,正常运行
正常运行,正常运行
正常运行,正常运行
正常运行,正常运行
正常运行,正常运行
正常运行,正常运行
正常运行,正常运行
润滑系统异常,润滑系统异常
正常运行,正常运行
正常运行,正常运行
正常运行,正常运行
正常运行,正常运行
正常运行,正常运行
正常运行,正常运行
正常运行,正常运行
正常运行,正常运行
正常运行,正常运行
正常运行,正常运行
正常运行,正常运行
正常运行,正常运行
正常运行,正常运行
正常运行,正常运行
正常运行,正常运行
润滑系统异常,润滑系统异常
正常运行,正常运行
正常运行,正常运行
正常运行,正常运行
正常运行,正常运行
正常运行,正常运行
正常运行,正常运行
正常运行,正常运行
正常运行,正常运行
正常运行,正常运行
正常运行,正常运行
正常运行,正常运行
正常运行,正常运行
正常运行,正常运行
正常运行,正常运行
正常运行,正常运行
正常运行,正常运行
正常运行,正常运行
正常运行,正常运行
正常运行,正常运行
正常运行,正常运行
正常运行,正常运行
正常运行,正常运行
正常运行,正常运行
电力供应故障,电力供应故障
正常运行,正常运行
正常运行,正常运行
正常运行,正常运行
正常运行,正常运行
正常运行,正常运行
正常运行,正常运行
正常运行,正常运行
正常运行,正常运行
正常运行,正常运行
润滑系统异常,润滑系统异常
正常运行,正常运行
正常运行,正常运行
正常运行,正常运行
正常运行,正常运行
正常运行,正常运行
润滑系统异常,润滑系统异常
正常运行,正常运行
正常运行,正常运行
正常运行,正常运行
正常运行,正常运行
正常运行,正常运行
正常运行,正常运行
正常运行,正常运行
正常运行,正常运行
正常运行,正常运行
正常运行,正常运行
正常运行,正常运行
正常运行,正常运行
正常运行,正常运行
正常运行,正常运行
正常运行,正常运行
正常运行,正常运行
正常运行,正常运行
正常运行,正常运行
正常运行,正常运行
正常运行,正常运行
正常运行,正常运行
正常运行,正常运行
正常运行,正常运行
正常运行,正常运行
正常运行,正常运行
正常运行,正常运行
正常运行,正常运行
正常运行,正常运行
正常运行,正常运行
正常运行,正常运行
正常运行,正常运行
正常运行,正常运行
正常运行,正常运行
正常运行,正常运行
正常运行,正常运行
正常运行,正常运行
正常运行,正常运行
正常运行,正常运行
正常运行,正常运行
正常运行,正常运行
正常运行,正常运行
正常运行,正常运行
正常运行,正常运行
正常运行,正常运行
正常运行,正常运行
正常运行,正常运行
正常运行,正常运行
正常运行,正常运行
正常运行,正常运行
正常运行,正常运行
正常运行,正常运行
正常运行,正常运行
正常运行,正常运行
正常运行,正常运行
正常运行,正常运行
正常运行,正常运行
正常运行,正常运行
正常运行,正常运行
正常运行,正常运行
正常运行,正常运行
正常运行,正常运行
正常运行,正常运行
正常运行,正常运行
正常运行,正常运行
电力供应故障,电力供应故障
正常运行,正常运行
正常运行,正常运行
正常运行,正常运行
正常运行,正常运行
正常运行,正常运行
正常运行,正常运行
正常运行,正常运行
正常运行,正常运行
正常运行,正常运行
正常运行,正常运行
散热系统故障,散热系统故障
正常运行,正常运行
正常运行,正常运行
正常运行,正常运行
正常运行,正常运行
正常运行,正常运行
正常运行,正常运行
正常运行,正常运行
正常运行,正常运行
正常运行,正常运行
正常运行,正常运行
正常运行,正常运行
正常运行,正常运行
正常运行,正常运行
正常运行,正常运行
正常运行,正常运行
正常运行,正常运行
正常运行,正常运行
正常运行,正常运行
正常运行,正常运行
正常运行,正常运行
正常运行,正常运行
正常运行,正常运行
正常运行,正常运行
正常运行,正常运行
正常运行,正常运行
正常运行,正常运行
正常运行,正常运行
正常运行,正常运行
正常运行,正常运行
正常运行,正常运行
正常运行,正常运行
散热系统故障,散热系统故障
正常运行,正常运行
正常运行,正常运行
正常运行,正常运行
正常运行,正常运行
正常运行,正常运行
正常运行,正常运行
正常运行,正常运行
正常运行,正常运行
正常运行,正常运行
正常运行,正常运行
正常运行,正常运行
正常运行,正常运行
散热系统故障,散热系统故障
正常运行,正常运行
正常运行,正常运行
正常运行,正常运行
正常运行,正常运行
散热系统故障,散热系统故障
正常运行,正常运行
正常运行,正常运行
正常运行,正常运行
正常运行,正常运行
正常运行,正常运行
正常运行,正常运行
正常运行,正常运行
正常运行,正常运行
正常运行,正常运行
润滑系统异常,润滑系统异常
正常运行,正常运行
正常运行,正常运行
正常运行,正常运行
正常运行,正常运行
正常运行,正常运行
正常运行,正常运行
正常运行,正常运行
正常运行,正常运行
正常运行,正常运行
正常运行,正常运行
正常运行,正常运行
正常运行,正常运行
正常运行,正常运行
正常运行,正常运行
正常运行,正常运行
正常运行,正常运行
正常运行,正常运行
正常运行,正常运行
正常运行,正常运行
正常运行,正常运行
正常运行,正常运行
正常运行,正常运行
正常运行,正常运行
正常运行,正常运行
正常运行,正常运行
正常运行,正常运行
正常运行,正常运行
正常运行,正常运行
正常运行,正常运行
正常运行,正常运行
正常运行,正常运行
正常运行,正常运行
正常运行,正常运行
正常运行,正常运行
正常运行,正常运行
正常运行,正常运行
正常运行,正常运行
正常运行,正常运行
正常运行,正常运行
正常运行,正常运行
正常运行,正常运行
正常运行,正常运行
正常运行,正常运行
传动系统异常,传动系统异常
正常运行,正常运行
正常运行,正常运行
正常运行,正常运行
散热系统故障,散热系统故障
正常运行,正常运行
正常运行,正常运行
正常运行,正常运行
正常运行,正常运行
正常运行,正常运行
正常运行,正常运行
正常运行,正常运行
正常运行,正常运行
正常运行,正常运行
正常运行,正常运行
正常运行,正常运行
正常运行,正常运行
正常运行,正常运行
正常运行,正常运行
正常运行,正常运行
电力供应故障,电力供应故障
正常运行,正常运行
正常运行,正常运行
正常运行,正常运行
正常运行,正常运行
正常运行,正常运行
正常运行,正常运行
正常运行,正常运行
正常运行,正常运行
正常运行,正常运行
正常运行,正常运行
正常运行,正常运行
传动系统异常,传动系统异常
正常运行,正常运行
正常运行,正常运行
正常运行,正常运行
正常运行,正常运行
正常运行,正常运行
正常运行,正常运行
正常运行,正常运行
正常运行,正常运行
正常运行,正常运行
正常运行,正常运行
正常运行,正常运行
正常运行,正常运行
正常运行,正常运行
正常运行,正常运行
正常运行,正常运行
正常运行,正常运行
正常运行,正常运行
正常运行,正常运行
正常运行,正常运行
正常运行,正常运行
正常运行,正常运行
正常运行,正常运行
正常运行,正常运行
正常运行,正常运行
电力供应故障,电力供应故障
正常运行,正常运行
正常运行,正常运行
正常运行,正常运行
正常运行,正常运行
正常运行,正常运行
正常运行,正常运行
正常运行,正常运行
正常运行,正常运行
正常运行,正常运行
正常运行,正常运行
正常运行,正常运行
正常运行,正常运行
正常运行,正常运行
正常运行,正常运行
正常运行,正常运行
正常运行,正常运行
正常运行,正常运行
正常运行,正常运行
正常运行,正常运行
正常运行,正常运行
正常运行,正常运行
正常运行,正常运行
正常运行,正常运行
正常运行,正常运行
正常运行,正常运行
正常运行,正常运行
正常运行,正常运行
正常运行,正常运行
正常运行,正常运行
正常运行,正常运行
正常运行,正常运行
正常运行,正常运行
正常运行,正常运行
正常运行,正常运行
正常运行,正常运行
正常运行,正常运行
正常运行,正常运行
正常运行,正常运行
正常运行,正常运行
正常运行,正常运行
正常运行,正常运行
正常运行,正常运行
正常运行,正常运行
正常运行,正常运行
正常运行,正常运行
正常运行,正常运行
正常运行,正常运行
正常运行,正常运行
正常运行,正常运行
正常运行,正常运行
正常运行,正常运行
正常运行,正常运行
正常运行,正常运行
正常运行,正常运行
正常运行,正常运行
正常运行,正常运行
正常运行,正常运行
正常运行,正常运行
正常运行,正常运行
散热系统故障,散热系统故障
正常运行,正常运行
正常运行,正常运行
正常运行,正常运行
正常运行,正常运行
散热系统故障,散热系统故障
正常运行,正常运行
正常运行,正常运行
正常运行,正常运行
正常运行,正常运行
正常运行,正常运行
正常运行,正常运行
正常运行,正常运行
正常运行,正常运行
正常运行,正常运行
正常运行,正常运行
正常运行,正常运行
正常运行,正常运行
传动系统异常,传动系统异常
正常运行,正常运行
正常运行,正常运行
传动系统异常,传动系统异常
正常运行,正常运行
正常运行,正常运行
正常运行,正常运行
正常运行,正常运行
正常运行,正常运行
正常运行,正常运行
正常运行,正常运行
正常运行,正常运行
正常运行,正常运行
正常运行,正常运行
正常运行,正常运行
正常运行,正常运行
正常运行,正常运行
正常运行,正常运行
正常运行,正常运行
正常运行,正常运行
正常运行,正常运行
正常运行,正常运行
正常运行,正常运行
正常运行,正常运行
正常运行,正常运行
正常运行,正常运行
正常运行,正常运行
正常运行,正常运行
正常运行,正常运行
正常运行,正常运行
正常运行,正常运行
电力供应故障,电力供应故障
正常运行,正常运行
正常运行,正常运行
正常运行,正常运行
正常运行,正常运行
散热系统故障,散热系统故障
正常运行,正常运行
正常运行,正常运行
正常运行,正常运行
正常运行,正常运行
正常运行,正常运行
正常运行,正常运行
正常运行,正常运行
正常运行,正常运行
正常运行,正常运行
正常运行,正常运行
散热系统故障,散热系统故障
正常运行,正常运行
正常运行,正常运行
正常运行,正常运行
正常运行,正常运行
正常运行,正常运行
散热系统故障,散热系统故障
正常运行,正常运行
正常运行,正常运行
正常运行,正常运行
正常运行,正常运行
正常运行,正常运行
正常运行,正常运行
正常运行,正常运行
正常运行,正常运行
正常运行,正常运行
正常运行,正常运行
正常运行,正常运行
正常运行,正常运行
正常运行,正常运行
正常运行,正常运行
正常运行,正常运行
正常运行,正常运行
正常运行,正常运行
正常运行,正常运行
正常运行,正常运行
正常运行,正常运行
正常运行,正常运行
正常运行,正常运行
正常运行,正常运行
正常运行,正常运行
正常运行,正常运行
正常运行,正常运行
正常运行,正常运行
正常运行,正常运行
正常运行,正常运行
正常运行,正常运行
正常运行,正常运行
正常运行,正常运行
润滑系统异常,润滑系统异常
正常运行,正常运行
正常运行,正常运行
正常运行,正常运行
正常运行,正常运行
正常运行,正常运行
正常运行,正常运行
正常运行,正常运行
正常运行,正常运行
正常运行,正常运行
正常运行,正常运行
正常运行,正常运行
正常运行,正常运行
正常运行,正常运行
正常运行,正常运行
正常运行,正常运行
正常运行,正常运行
正常运行,正常运行
正常运行,正常运行
正常运行,正常运行
正常运行,正常运行
正常运行,正常运行
正常运行,正常运行
正常运行,正常运行
正常运行,正常运行
正常运行,正常运行
正常运行,正常运行
正常运行,正常运行
正常运行,正常运行
正常运行,正常运行
正常运行,正常运行
正常运行,正常运行
正常运行,正常运行
正常运行,正常运行
正常运行,正常运行
传动系统异常,传动系统异常
正常运行,正常运行
正常运行,正常运行
正常运行,正常运行
正常运行,正常运行
正常运行,正常运行
正常运行,正常运行
正常运行,正常运行
正常运行,正常运行
正常运行,正常运行
正常运行,正常运行
传动系统异常,传动系统异常
正常运行,正常运行
正常运行,正常运行
正常运行,正常运行
正常运行,正常运行
正常运行,正常运行
正常运行,正常运行
正常运行,正常运行
正常运行,正常运行
正常运行,正常运行
正常运行,正常运行
正常运行,正常运行
正常运行,正常运行
正常运行,正常运行
正常运行,正常运行
正常运行,正常运行
正常运行,正常运行
正常运行,正常运行
正常运行,正常运行
正常运行,正常运行
正常运行,正常运行
正常运行,正常运行
正常运行,正常运行
正常运行,正常运行
正常运行,正常运行
正常运行,正常运行
正常运行,正常运行
传动系统异常,传动系统异常
正常运行,正常运行
正常运行,正常运行
散热系统故障,散热系统故障
正常运行,正常运行
正常运行,正常运行
正常运行,正常运行
正常运行,正常运行
正常运行,正常运行
正常运行,正常运行
正常运行,正常运行
正常运行,正常运行
正常运行,正常运行
正常运行,正常运行
正常运行,正常运行
正常运行,正常运行
正常运行,正常运行
正常运行,正常运行
正常运行,正常运行
正常运行,正常运行
正常运行,正常运行
正常运行,正常运行
正常运行,正常运行
正常运行,正常运行
正常运行,正常运行
正常运行,正常运行
正常运行,正常运行
传动系统异常,传动系统异常
正常运行,正常运行
正常运行,正常运行
正常运行,正常运行
正常运行,正常运行
正常运行,正常运行
正常运行,正常运行
正常运行,正常运行
正常运行,正常运行
正常运行,正常运行
正常运行,正常运行
正常运行,正常运行
正常运行,正常运行
正常运行,正常运行
正常运行,正常运行
正常运行,正常运行
正常运行,正常运行
正常运行,正常运行
正常运行,正常运行
正常运行,正常运行
正常运行,正常运行
正常运行,正常运行
正常运行,正常运行
正常运行,正常运行
正常运行,正常运行
正常运行,正常运行
正常运行,正常运行
正常运行,正常运行
正常运行,正常运行
正常运行,正常运行
正常运行,正常运行
正常运行,正常运行
正常运行,正常运行
正常运行,正常运行
正常运行,正常运行
正常运行,正常运行
正常运行,正常运行
正常运行,正常运行
正常运行,正常运行
正常运行,正常运行
正常运行,正常运行
正常运行,正常运行
正常运行,正常运行
正常运行,正常运行
正常运行,正常运行
正常运行,正常运行
正常运行,正常运行
润滑系统异常,润滑系统异常
正常运行,正常运行
正常运行,正常运行
正常运行,正常运行
散热系统故障,散热系统故障
正常运行,正常运行
正常运行,正常运行
正常运行,正常运行
正常运行,正常运行
正常运行,正常运行
正常运行,正常运行
正常运行,正常运行
正常运行,正常运行
正常运行,正常运行
正常运行,正常运行
正常运行,正常运行
正常运行,正常运行
正常运行,正常运行
润滑系统异常,润滑系统异常
散热系统故障,散热系统故障
正常运行,正常运行
正常运行,正常运行
正常运行,正常运行
正常运行,正常运行
正常运行,正常运行
正常运行,正常运行
正常运行,正常运行
正常运行,正常运行
正常运行,正常运行
正常运行,正常运行
正常运行,正常运行
正常运行,正常运行
正常运行,正常运行
正常运行,正常运行
正常运行,正常运行
正常运行,正常运行
正常运行,正常运行
正常运行,正常运行
正常运行,正常运行
正常运行,正常运行
正常运行,正常运行
正常运行,正常运行
正常运行,正常运行
正常运行,正常运行
正常运行,正常运行
电力供应故障,电力供应故障
正常运行,正常运行
正常运行,正常运行
正常运行,正常运行
正常运行,正常运行
正常运行,正常运行
正常运行,正常运行
正常运行,正常运行
正常运行,正常运行
正常运行,正常运行
正常运行,正常运行
正常运行,正常运行
正常运行,正常运行
传动系统异常,传动系统异常
正常运行,正常运行
正常运行,正常运行
正常运行,正常运行
电力供应故障,电力供应故障
正常运行,正常运行
正常运行,正常运行
正常运行,正常运行
正常运行,正常运行
正常运行,正常运行
正常运行,正常运行
正常运行,正常运行
正常运行,正常运行
正常运行,正常运行
正常运行,正常运行
正常运行,正常运行
正常运行,正常运行
正常运行,正常运行
正常运行,正常运行
正常运行,正常运行
正常运行,正常运行
正常运行,正常运行
正常运行,正常运行
正常运行,正常运行
正常运行,正常运行
电力供应故障,电力供应故障
正常运行,正常运行
正常运行,正常运行
正常运行,正常运行
正常运行,正常运行
正常运行,正常运行
正常运行,正常运行
正常运行,正常运行
正常运行,正常运行
正常运行,正常运行
正常运行,正常运行
正常运行,正常运行
正常运行,正常运行
正常运行,正常运行
正常运行,正常运行
正常运行,正常运行
正常运行,正常运行
正常运行,正常运行
正常运行,正常运行
正常运行,正常运行
正常运行,正常运行
正常运行,正常运行
正常运行,正常运行
正常运行,正常运行
正常运行,正常运行
正常运行,正常运行
正常运行,正常运行
正常运行,正常运行
正常运行,正常运行
正常运行,正常运行
正常运行,正常运行
正常运行,正常运行
正常运行,正常运行
正常运行,正常运行
正常运行,正常运行
正常运行,正常运行
正常运行,正常运行
正常运行,正常运行
正常运行,正常运行
正常运行,正常运行
正常运行,正常运行
正常运行,正常运行
正常运行,正常运行
正常运行,正常运行
正常运行,正常运行
正常运行,正常运行
正常运行,正常运行
正常运行,正常运行
正常运行,正常运行
正常运行,正常运行
正常运行,正常运行
正常运行,正常运行
正常运行,正常运行
正常运行,正常运行
正常运行,正常运行
正常运行,正常运行
正常运行,正常运行
正常运行,正常运行
正常运行,正常运行
正常运行,正常运行
正常运行,正常运行
散热系统故障,散热系统故障
正常运行,正常运行
正常运行,正常运行
正常运行,正常运行
正常运行,正常运行
正常运行,正常运行
正常运行,正常运行
正常运行,正常运行
正常运行,正常运行
正常运行,正常运行
正常运行,正常运行
正常运行,正常运行
正常运行,正常运行
正常运行,正常运行
正常运行,正常运行
正常运行,正常运行
正常运行,正常运行
正常运行,正常运行
正常运行,正常运行
正常运行,正常运行
正常运行,正常运行
正常运行,正常运行
正常运行,正常运行
正常运行,正常运行
正常运行,正常运行
正常运行,正常运行
正常运行,正常运行
正常运行,正常运行
正常运行,正常运行
正常运行,正常运行
正常运行,正常运行
正常运行,正常运行
正常运行,正常运行
正常运行,正常运行
正常运行,正常运行
正常运行,正常运行
正常运行,正常运行
正常运行,正常运行
正常运行,正常运行
正常运行,正常运行
正常运行,正常运行
正常运行,正常运行
正常运行,正常运行
正常运行,正常运行
正常运行,正常运行
正常运行,正常运行
正常运行,正常运行
正常运行,正常运行
正常运行,正常运行
正常运行,正常运行
正常运行,正常运行
正常运行,正常运行
正常运行,正常运行
正常运行,正常运行
正常运行,正常运行
正常运行,正常运行
正常运行,正常运行
正常运行,正常运行
正常运行,正常运行
正常运行,正常运行
正常运行,正常运行
正常运行,正常运行
正常运行,正常运行
电力供应故障,电力供应故障
正常运行,正常运行
正常运行,正常运行
正常运行,正常运行
正常运行,正常运行
正常运行,正常运行
正常运行,正常运行
正常运行,正常运行
正常运行,正常运行
正常运行,正常运行
正常运行,正常运行
正常运行,正常运行
润滑系统异常,润滑系统异常
正常运行,正常运行
传动系统异常,传动系统异常
正常运行,正常运行
正常运行,正常运行
正常运行,正常运行
正常运行,正常运行
正常运行,正常运行
正常运行,正常运行
正常运行,正常运行
正常运行,正常运行
正常运行,正常运行
正常运行,正常运行
正常运行,正常运行
正常运行,正常运行
正常运行,正常运行
正常运行,正常运行
正常运行,正常运行
正常运行,正常运行
正常运行,正常运行
正常运行,正常运行
正常运行,正常运行
正常运行,正常运行
电力供应故障,电力供应故障
正常运行,正常运行
正常运行,正常运行
传动系统异常,传动系统异常
正常运行,正常运行
正常运行,正常运行
传动系统异常,传动系统异常
正常运行,正常运行
正常运行,正常运行
正常运行,正常运行
正常运行,正常运行
正常运行,正常运行
润滑系统异常,润滑系统异常
正常运行,正常运行
正常运行,正常运行
正常运行,正常运行
正常运行,正常运行
正常运行,正常运行
正常运行,正常运行
正常运行,正常运行
正常运行,正常运行
正常运行,正常运行
正常运行,正常运行
正常运行,正常运行
正常运行,正常运行
正常运行,正常运行
正常运行,正常运行
正常运行,正常运行
正常运行,正常运行
正常运行,正常运行
正常运行,正常运行
正常运行,正常运行
正常运行,正常运行
正常运行,正常运行
正常运行,正常运行
正常运行,正常运行
正常运行,正常运行
散热系统故障,散热系统故障
正常运行,正常运行
正常运行,正常运行
正常运行,正常运行
正常运行,正常运行
正常运行,正常运行
电力供应故障,电力供应故障
正常运行,正常运行
正常运行,正常运行
正常运行,正常运行
传动系统异常,传动系统异常
正常运行,正常运行
正常运行,正常运行
正常运行,正常运行
正常运行,正常运行
正常运行,正常运行
正常运行,正常运行
正常运行,正常运行
正常运行,正常运行
正常运行,正常运行
正常运行,正常运行
电力供应故障,电力供应故障
正常运行,正常运行
正常运行,正常运行
正常运行,正常运行
正常运行,正常运行
正常运行,正常运行
正常运行,正常运行
正常运行,正常运行
正常运行,正常运行
正常运行,正常运行
正常运行,正常运行
正常运行,正常运行
正常运行,正常运行
正常运行,正常运行
正常运行,正常运行
传动系统异常,传动系统异常
正常运行,正常运行
正常运行,正常运行
正常运行,正常运行
正常运行,正常运行
正常运行,正常运行
正常运行,正常运行
正常运行,正常运行
正常运行,正常运行
正常运行,正常运行
正常运行,正常运行
正常运行,正常运行
正常运行,正常运行
正常运行,正常运行
正常运行,正常运行
正常运行,正常运行
正常运行,正常运行
正常运行,正常运行
正常运行,正常运行
正常运行,正常运行
正常运行,正常运行
润滑系统异常,润滑系统异常
正常运行,正常运行
正常运行,正常运行
散热系统故障,散热系统故障
正常运行,正常运行
正常运行,正常运行
正常运行,正常运行
正常运行,正常运行
正常运行,正常运行
正常运行,正常运行
正常运行,正常运行
正常运行,正常运行
正常运行,正常运行
正常运行,正常运行
正常运行,正常运行
润滑系统异常,润滑系统异常
正常运行,正常运行
正常运行,正常运行
正常运行,正常运行
正常运行,正常运行
正常运行,正常运行
正常运行,正常运行
正常运行,正常运行
正常运行,正常运行
正常运行,正常运行
正常运行,正常运行
正常运行,正常运行
正常运行,正常运行
正常运行,正常运行
正常运行,正常运行
正常运行,正常运行
正常运行,正常运行
正常运行,正常运行
正常运行,正常运行
正常运行,正常运行
正常运行,正常运行
正常运行,正常运行
正常运行,正常运行
正常运行,正常运行
正常运行,正常运行
正常运行,正常运行
正常运行,正常运行
正常运行,正常运行
正常运行,正常运行
正常运行,正常运行
正常运行,正常运行
正常运行,正常运行
正常运行,正常运行
正常运行,正常运行
正常运行,正常运行
正常运行,正常运行
正常运行,正常运行
正常运行,正常运行
正常运行,正常运行
正常运行,正常运行
正常运行,正常运行
正常运行,正常运行
正常运行,正常运行
正常运行,正常运行
正常运行,正常运行
正常运行,正常运行
正常运行,正常运行
正常运行,正常运行
正常运行,正常运行
正常运行,正常运行
正常运行,正常运行
传动系统异常,传动系统异常
正常运行,正常运行
正常运行,正常运行
正常运行,正常运行
正常运行,正常运行
正常运行,正常运行
正常运行,正常运行
正常运行,正常运行
正常运行,正常运行
正常运行,正常运行
正常运行,正常运行
正常运行,正常运行
正常运行,正常运行
正常运行,正常运行
正常运行,正常运行
正常运行,正常运行
正常运行,正常运行
正常运行,正常运行
正常运行,正常运行
正常运行,正常运行
正常运行,正常运行
正常运行,正常运行
正常运行,正常运行
正常运行,正常运行
正常运行,正常运行
正常运行,正常运行
正常运行,正常运行
正常运行,正常运行
正常运行,正常运行
正常运行,正常运行
正常运行,正常运行
正常运行,正常运行
正常运行,正常运行
正常运行,正常运行
正常运行,正常运行
正常运行,正常运行
正常运行,正常运行
正常运行,正常运行
正常运行,正常运行
正常运行,正常运行
传动系统异常,传动系统异常
正常运行,正常运行
正常运行,正常运行
正常运行,正常运行
正常运行,正常运行
正常运行,正常运行
正常运行,正常运行
正常运行,正常运行
正常运行,正常运行
正常运行,正常运行
正常运行,正常运行
正常运行,正常运行
正常运行,正常运行
正常运行,正常运行
正常运行,正常运行
正常运行,正常运行
正常运行,正常运行
正常运行,正常运行
正常运行,正常运行
正常运行,正常运行
正常运行,正常运行
正常运行,正常运行
正常运行,正常运行
正常运行,正常运行
正常运行,正常运行
正常运行,正常运行
正常运行,正常运行
正常运行,正常运行
正常运行,正常运行
正常运行,正常运行
正常运行,正常运行
正常运行,正常运行
正常运行,正常运行
正常运行,正常运行
正常运行,正常运行
正常运行,正常运行
正常运行,正常运行
正常运行,正常运行
传动系统异常,传动系统异常
正常运行,正常运行
正常运行,正常运行
正常运行,正常运行
正常运行,正常运行
正常运行,正常运行
正常运行,正常运行
正常运行,正常运行
正常运行,正常运行
正常运行,正常运行
正常运行,正常运行
正常运行,正常运行
正常运行,正常运行
正常运行,正常运行
正常运行,正常运行
正常运行,正常运行
正常运行,正常运行
润滑系统异常,润滑系统异常
正常运行,正常运行
正常运行,正常运行
正常运行,正常运行
正常运行,正常运行
正常运行,正常运行
正常运行,正常运行
正常运行,正常运行
正常运行,正常运行
正常运行,正常运行
正常运行,正常运行
正常运行,正常运行
正常运行,正常运行
正常运行,正常运行
正常运行,正常运行
正常运行,正常运行
正常运行,正常运行
正常运行,正常运行
正常运行,正常运行
正常运行,正常运行
正常运行,正常运行
正常运行,正常运行
正常运行,正常运行
正常运行,正常运行
正常运行,正常运行
正常运行,正常运行
正常运行,正常运行
正常运行,正常运行
正常运行,正常运行
正常运行,正常运行
正常运行,正常运行
正常运行,正常运行
正常运行,正常运行
正常运行,正常运行
正常运行,正常运行
正常运行,正常运行
正常运行,正常运行
正常运行,正常运行
传动系统异常,传动系统异常
正常运行,正常运行
正常运行,正常运行
正常运行,正常运行
正常运行,正常运行
正常运行,正常运行
正常运行,正常运行
正常运行,正常运行
正常运行,正常运行
正常运行,正常运行
正常运行,正常运行
正常运行,正常运行
正常运行,正常运行
正常运行,正常运行
正常运行,正常运行
正常运行,正常运行
正常运行,正常运行
正常运行,正常运行
正常运行,正常运行
正常运行,正常运行
正常运行,正常运行
正常运行,正常运行
正常运行,正常运行
正常运行,正常运行
正常运行,正常运行
正常运行,正常运行
正常运行,正常运行
正常运行,正常运行
正常运行,正常运行
正常运行,正常运行
正常运行,正常运行
正常运行,正常运行
正常运行,正常运行
正常运行,正常运行
正常运行,正常运行
正常运行,正常运行
正常运行,正常运行
散热系统故障,散热系统故障
正常运行,正常运行
正常运行,正常运行
正常运行,正常运行
正常运行,正常运行
正常运行,正常运行
正常运行,正常运行
正常运行,正常运行
正常运行,正常运行
正常运行,正常运行
正常运行,正常运行
正常运行,正常运行
正常运行,正常运行
正常运行,正常运行
正常运行,正常运行
正常运行,正常运行
正常运行,正常运行
散热系统故障,散热系统故障
正常运行,正常运行
正常运行,正常运行
正常运行,正常运行
正常运行,正常运行
正常运行,正常运行
正常运行,正常运行
正常运行,正常运行
正常运行,正常运行
正常运行,正常运行
正常运行,正常运行
正常运行,正常运行
散热系统故障,散热系统故障
正常运行,正常运行
正常运行,正常运行
正常运行,正常运行
传动系统异常,传动系统异常
正常运行,正常运行
正常运行,正常运行
正常运行,正常运行
正常运行,正常运行
传动系统异常,传动系统异常
正常运行,正常运行
正常运行,正常运行
正常运行,正常运行
正常运行,正常运行
正常运行,正常运行
正常运行,正常运行
正常运行,正常运行
正常运行,正常运行
正常运行,正常运行
正常运行,正常运行
正常运行,正常运行
正常运行,正常运行
正常运行,正常运行
正常运行,正常运行
正常运行,正常运行
正常运行,正常运行
正常运行,正常运行
正常运行,正常运行
正常运行,正常运行
正常运行,正常运行
正常运行,正常运行
正常运行,正常运行
正常运行,正常运行
正常运行,正常运行
正常运行,正常运行
正常运行,正常运行
正常运行,正常运行
正常运行,正常运行
正常运行,正常运行
正常运行,正常运行
正常运行,正常运行
正常运行,正常运行
正常运行,正常运行
正常运行,正常运行
正常运行,正常运行
正常运行,正常运行
正常运行,正常运行
正常运行,正常运行
正常运行,正常运行
正常运行,正常运行
正常运行,正常运行
正常运行,正常运行
正常运行,正常运行
正常运行,正常运行
正常运行,正常运行
润滑系统异常,润滑系统异常
正常运行,正常运行
正常运行,正常运行
散热系统故障,散热系统故障
正常运行,正常运行
正常运行,正常运行
正常运行,正常运行
正常运行,正常运行
正常运行,正常运行
正常运行,正常运行
正常运行,正常运行
正常运行,正常运行
正常运行,正常运行
正常运行,正常运行
正常运行,正常运行
正常运行,正常运行
正常运行,正常运行
正常运行,正常运行
正常运行,正常运行
正常运行,正常运行
正常运行,正常运行
正常运行,正常运行
正常运行,正常运行
正常运行,正常运行
正常运行,正常运行
正常运行,正常运行
正常运行,正常运行
正常运行,正常运行
正常运行,正常运行
电力供应故障,电力供应故障
正常运行,正常运行
正常运行,正常运行
正常运行,正常运行
正常运行,正常运行
正常运行,正常运行
正常运行,正常运行
正常运行,正常运行
正常运行,正常运行
正常运行,正常运行
正常运行,正常运行
正常运行,正常运行
正常运行,正常运行
正常运行,正常运行
正常运行,正常运行
正常运行,正常运行
正常运行,正常运行
正常运行,正常运行
正常运行,正常运行
正常运行,正常运行
正常运行,正常运行
正常运行,正常运行
正常运行,正常运行
正常运行,正常运行
正常运行,正常运行
正常运行,正常运行
正常运行,正常运行
正常运行,正常运行
正常运行,正常运行
传动系统异常,传动系统异常
正常运行,正常运行
正常运行,正常运行
正常运行,正常运行
正常运行,正常运行
正常运行,正常运行
正常运行,正常运行
正常运行,正常运行
正常运行,正常运行
正常运行,正常运行
散热系统故障,散热系统故障
正常运行,正常运行
正常运行,正常运行
正常运行,正常运行
散热系统故障,散热系统故障
正常运行,正常运行
润滑系统异常,润滑系统异常
正常运行,正常运行
正常运行,正常运行
正常运行,正常运行
正常运行,正常运行
正常运行,正常运行
正常运行,正常运行
正常运行,正常运行
正常运行,正常运行
正常运行,正常运行
正常运行,正常运行
正常运行,正常运行
正常运行,正常运行
正常运行,正常运行
正常运行,正常运行
正常运行,正常运行
正常运行,正常运行
正常运行,正常运行
正常运行,正常运行
正常运行,正常运行
正常运行,正常运行
正常运行,正常运行
正常运行,正常运行
正常运行,正常运行
正常运行,正常运行
正常运行,正常运行
散热系统故障,散热系统故障
正常运行,正常运行
正常运行,正常运行
正常运行,正常运行
正常运行,正常运行
传动系统异常,传动系统异常
正常运行,正常运行
正常运行,正常运行
正常运行,正常运行
正常运行,正常运行
正常运行,正常运行
正常运行,正常运行
正常运行,正常运行
散热系统故障,散热系统故障
正常运行,正常运行
正常运行,正常运行
正常运行,正常运行
电力供应故障,电力供应故障
正常运行,正常运行
正常运行,正常运行
正常运行,正常运行
正常运行,正常运行
正常运行,正常运行
正常运行,正常运行
正常运行,正常运行
正常运行,正常运行
正常运行,正常运行
正常运行,正常运行
正常运行,正常运行
正常运行,正常运行
正常运行,正常运行
正常运行,正常运行
正常运行,正常运行
正常运行,正常运行
正常运行,正常运行
正常运行,正常运行
正常运行,正常运行
润滑系统异常,润滑系统异常
正常运行,正常运行
正常运行,正常运行
正常运行,正常运行
正常运行,正常运行
散热系统故障,散热系统故障
正常运行,正常运行
正常运行,正常运行
正常运行,正常运行
正常运行,正常运行
正常运行,正常运行
正常运行,正常运行
正常运行,正常运行
正常运行,正常运行
正常运行,正常运行
正常运行,正常运行
正常运行,正常运行
正常运行,正常运行
正常运行,正常运行
正常运行,正常运行
正常运行,正常运行
正常运行,正常运行
正常运行,正常运行
正常运行,正常运行
正常运行,正常运行
正常运行,正常运行
正常运行,正常运行
正常运行,正常运行
润滑系统异常,润滑系统异常
正常运行,正常运行
正常运行,正常运行
正常运行,正常运行
正常运行,正常运行
正常运行,正常运行
正常运行,正常运行
正常运行,正常运行
正常运行,正常运行
正常运行,正常运行
正常运行,正常运行
正常运行,正常运行
正常运行,正常运行
正常运行,正常运行
正常运行,正常运行
正常运行,正常运行
正常运行,正常运行
正常运行,正常运行
正常运行,正常运行
正常运行,正常运行
正常运行,正常运行
正常运行,正常运行
正常运行,正常运行
正常运行,正常运行
正常运行,正常运行
正常运行,正常运行
正常运行,正常运行
正常运行,正常运行
正常运行,正常运行
正常运行,正常运行
正常运行,正常运行
正常运行,正常运行
正常运行,正常运行
正常运行,正常运行
正常运行,正常运行
正常运行,正常运行
正常运行,正常运行
正常运行,正常运行
正常运行,正常运行
正常运行,正常运行
正常运行,正常运行
正常运行,正常运行
正常运行,正常运行
正常运行,正常运行
正常运行,正常运行
正常运行,正常运行
正常运行,正常运行
正常运行,正常运行
正常运行,正常运行
正常运行,正常运行
正常运行,正常运行
正常运行,正常运行
正常运行,正常运行
正常运行,正常运行
正常运行,正常运行
正常运行,正常运行
正常运行,正常运行
正常运行,正常运行
正常运行,正常运行
正常运行,正常运行
正常运行,正常运行
正常运行,正常运行
正常运行,正常运行
正常运行,正常运行
正常运行,正常运行
正常运行,正常运行
正常运行,正常运行
正常运行,正常运行
正常运行,正常运行
正常运行,正常运行
正常运行,正常运行
正常运行,正常运行
正常运行,正常运行
正常运行,正常运行
正常运行,正常运行
正常运行,正常运行
正常运行,正常运行
正常运行,正常运行
正常运行,正常运行
正常运行,正常运行
正常运行,正常运行
正常运行,正常运行
正常运行,正常运行
正常运行,正常运行
正常运行,正常运行
正常运行,正常运行
正常运行,正常运行
正常运行,正常运行
正常运行,正常运行
正常运行,正常运行
正常运行,正常运行
正常运行,正常运行
正常运行,正常运行
正常运行,正常运行
正常运行,正常运行
传动系统异常,传动系统异常
正常运行,正常运行
正常运行,正常运行
正常运行,正常运行
正常运行,正常运行
正常运行,正常运行
正常运行,正常运行
正常运行,正常运行
正常运行,正常运行
正常运行,正常运行
电力供应故障,电力供应故障
正常运行,正常运行
正常运行,正常运行
正常运行,正常运行
正常运行,正常运行
正常运行,正常运行
正常运行,正常运行
正常运行,正常运行
正常运行,正常运行
正常运行,正常运行
正常运行,正常运行
正常运行,正常运行
正常运行,正常运行
正常运行,正常运行
正常运行,正常运行
正常运行,正常运行
正常运行,正常运行
正常运行,正常运行
正常运行,正常运行
正常运行,正常运行
正常运行,正常运行
正常运行,正常运行
正常运行,正常运行
正常运行,正常运行
正常运行,正常运行
正常运行,正常运行
正常运行,正常运行
正常运行,正常运行
正常运行,正常运行
正常运行,正常运行
正常运行,正常运行
正常运行,正常运行
正常运行,正常运行
正常运行,正常运行
正常运行,正常运行
正常运行,正常运行
正常运行,正常运行
正常运行,正常运行
正常运行,正常运行
正常运行,正常运行
正常运行,正常运行
正常运行,正常运行
正常运行,正常运行
正常运行,正常运行
正常运行,正常运行
正常运行,正常运行
正常运行,正常运行
正常运行,正常运行
正常运行,正常运行
正常运行,正常运行
正常运行,正常运行
正常运行,正常运行
正常运行,正常运行
正常运行,正常运行
正常运行,正常运行
正常运行,正常运行
正常运行,正常运行
正常运行,正常运行
正常运行,正常运行
正常运行,正常运行
正常运行,正常运行
正常运行,正常运行
正常运行,正常运行
正常运行,正常运行
正常运行,正常运行
正常运行,正常运行
正常运行,正常运行
正常运行,正常运行
正常运行,正常运行
正常运行,正常运行
正常运行,正常运行
正常运行,正常运行
正常运行,正常运行
正常运行,正常运行
正常运行,正常运行
正常运行,正常运行
正常运行,正常运行
正常运行,正常运行
正常运行,正常运行
正常运行,正常运行
正常运行,正常运行
正常运行,正常运行
散热系统故障,散热系统故障
正常运行,正常运行
正常运行,正常运行
正常运行,正常运行
正常运行,正常运行
正常运行,正常运行
正常运行,正常运行
正常运行,正常运行
正常运行,正常运行
正常运行,正常运行
正常运行,正常运行
正常运行,正常运行
正常运行,正常运行
正常运行,正常运行
正常运行,正常运行
正常运行,正常运行
正常运行,正常运行
正常运行,正常运行
正常运行,正常运行
正常运行,正常运行
正常运行,正常运行
正常运行,正常运行
散热系统故障,散热系统故障
正常运行,正常运行
正常运行,正常运行
正常运行,正常运行
正常运行,正常运行
正常运行,正常运行
正常运行,正常运行
正常运行,正常运行
散热系统故障,散热系统故障
正常运行,正常运行
正常运行,正常运行
正常运行,正常运行
正常运行,正常运行
电力供应故障,电力供应故障
正常运行,正常运行
正常运行,正常运行
正常运行,正常运行
正常运行,正常运行
正常运行,正常运行
正常运行,正常运行
正常运行,正常运行
正常运行,正常运行
正常运行,正常运行
正常运行,正常运行
正常运行,正常运行
正常运行,正常运行
正常运行,正常运行
正常运行,正常运行
正常运行,正常运行
正常运行,正常运行
正常运行,正常运行
正常运行,正常运行
正常运行,正常运行
正常运行,正常运行
正常运行,正常运行
正常运行,正常运行
正常运行,正常运行
正常运行,正常运行
正常运行,正常运行
正常运行,正常运行
正常运行,正常运行
正常运行,正常运行
正常运行,正常运行
正常运行,正常运行
正常运行,正常运行
正常运行,正常运行
正常运行,正常运行
正常运行,正常运行
正常运行,正常运行
正常运行,正常运行
正常运行,正常运行
正常运行,正常运行
正常运行,正常运行
正常运行,正常运行
正常运行,正常运行
正常运行,正常运行
正常运行,正常运行
正常运行,正常运行
正常运行,正常运行
正常运行,正常运行
传动系统异常,传动系统异常
正常运行,正常运行
正常运行,正常运行
正常运行,正常运行
正常运行,正常运行
正常运行,正常运行
正常运行,正常运行
正常运行,正常运行
正常运行,正常运行
正常运行,正常运行
正常运行,正常运行
正常运行,正常运行
正常运行,正常运行
正常运行,正常运行
正常运行,正常运行
正常运行,正常运行
正常运行,正常运行
正常运行,正常运行
正常运行,正常运行
正常运行,正常运行
正常运行,正常运行
正常运行,正常运行
正常运行,正常运行
正常运行,正常运行
正常运行,正常运行
正常运行,正常运行
正常运行,正常运行
正常运行,正常运行
正常运行,正常运行
传动系统异常,传动系统异常
正常运行,正常运行
正常运行,正常运行
正常运行,正常运行
正常运行,正常运行
正常运行,正常运行
传动系统异常,传动系统异常
电力供应故障,电力供应故障
正常运行,正常运行
正常运行,正常运行
正常运行,正常运行
正常运行,正常运行
正常运行,正常运行
润滑系统异常,润滑系统异常
正常运行,正常运行
正常运行,正常运行
正常运行,正常运行
正常运行,正常运行
正常运行,正常运行
正常运行,正常运行
正常运行,正常运行
传动系统异常,传动系统异常
正常运行,正常运行
正常运行,正常运行
正常运行,正常运行
正常运行,正常运行
正常运行,正常运行
正常运行,正常运行
正常运行,正常运行
正常运行,正常运行
正常运行,正常运行
传动系统异常,传动系统异常
正常运行,正常运行
正常运行,正常运行
润滑系统异常,润滑系统异常
正常运行,正常运行
正常运行,正常运行
正常运行,正常运行
正常运行,正常运行
正常运行,正常运行
正常运行,正常运行
正常运行,正常运行
正常运行,正常运行
正常运行,正常运行
散热系统故障,散热系统故障
正常运行,正常运行
正常运行,正常运行
正常运行,正常运行
正常运行,正常运行
正常运行,正常运行
正常运行,正常运行
正常运行,正常运行
正常运行,正常运行
正常运行,正常运行
正常运行,正常运行
正常运行,正常运行
正常运行,正常运行
正常运行,正常运行
正常运行,正常运行
散热系统故障,散热系统故障
正常运行,正常运行
正常运行,正常运行
正常运行,正常运行
正常运行,正常运行
正常运行,正常运行
正常运行,正常运行
正常运行,正常运行
正常运行,正常运行
正常运行,正常运行
正常运行,正常运行
润滑系统异常,润滑系统异常
正常运行,正常运行
正常运行,正常运行
正常运行,正常运行
正常运行,正常运行
正常运行,正常运行
正常运行,正常运行
正常运行,正常运行
正常运行,正常运行
正常运行,正常运行
正常运行,正常运行
正常运行,正常运行
正常运行,正常运行
正常运行,正常运行
正常运行,正常运行
正常运行,正常运行
正常运行,正常运行
正常运行,正常运行
正常运行,正常运行
正常运行,正常运行
正常运行,正常运行
正常运行,正常运行
正常运行,正常运行
正常运行,正常运行
正常运行,正常运行
正常运行,正常运行
电力供应故障,电力供应故障
正常运行,正常运行
正常运行,正常运行
正常运行,正常运行
正常运行,正常运行
正常运行,正常运行
正常运行,正常运行
正常运行,正常运行
正常运行,正常运行
正常运行,正常运行
正常运行,正常运行
正常运行,正常运行
正常运行,正常运行
正常运行,正常运行
正常运行,正常运行
正常运行,正常运行
正常运行,正常运行
正常运行,正常运行
正常运行,正常运行
正常运行,正常运行
正常运行,正常运行
正常运行,正常运行
正常运行,正常运行
正常运行,正常运行
正常运行,正常运行
正常运行,正常运行
正常运行,正常运行
正常运行,正常运行
正常运行,正常运行
正常运行,正常运行
正常运行,正常运行
正常运行,正常运行
正常运行,正常运行
正常运行,正常运行
正常运行,正常运行
正常运行,正常运行
正常运行,正常运行
正常运行,正常运行
正常运行,正常运行
正常运行,正常运行
正常运行,正常运行
正常运行,正常运行
正常运行,正常运行
正常运行,正常运行
正常运行,正常运行
正常运行,正常运行
正常运行,正常运行
正常运行,正常运行
正常运行,正常运行
正常运行,正常运行
正常运行,正常运行
正常运行,正常运行
正常运行,正常运行
正常运行,正常运行
正常运行,正常运行
正常运行,正常运行
正常运行,正常运行
正常运行,正常运行
正常运行,正常运行
正常运行,正常运行
正常运行,正常运行
正常运行,正常运行
正常运行,正常运行
正常运行,正常运行
正常运行,正常运行
正常运行,正常运行
正常运行,正常运行
正常运行,正常运行
正常运行,正常运行
正常运行,正常运行
正常运行,正常运行
正常运行,正常运行
正常运行,正常运行
正常运行,正常运行
正常运行,正常运行
散热系统故障,散热系统故障
正常运行,正常运行
正常运行,正常运行
正常运行,正常运行
正常运行,正常运行
正常运行,正常运行
正常运行,正常运行
正常运行,正常运行
正常运行,正常运行
正常运行,正常运行
正常运行,正常运行
传动系统异常,传动系统异常
正常运行,正常运行
正常运行,正常运行
正常运行,正常运行
正常运行,正常运行
正常运行,正常运行
正常运行,正常运行
正常运行,正常运行
正常运行,正常运行
正常运行,正常运行
正常运行,正常运行
正常运行,正常运行
散热系统故障,散热系统故障
正常运行,正常运行
正常运行,正常运行
正常运行,正常运行
正常运行,正常运行
正常运行,正常运行
正常运行,正常运行
正常运行,正常运行
正常运行,正常运行
正常运行,正常运行
正常运行,正常运行
正常运行,正常运行
正常运行,正常运行
传动系统异常,传动系统异常
正常运行,正常运行
正常运行,正常运行
正常运行,正常运行
正常运行,正常运行
正常运行,正常运行
润滑系统异常,润滑系统异常
正常运行,正常运行
正常运行,正常运行
正常运行,正常运行
正常运行,正常运行
正常运行,正常运行
正常运行,正常运行
正常运行,正常运行
正常运行,正常运行
正常运行,正常运行
正常运行,正常运行
正常运行,正常运行
正常运行,正常运行
正常运行,正常运行
正常运行,正常运行
正常运行,正常运行
正常运行,正常运行
电力供应故障,电力供应故障
正常运行,正常运行
正常运行,正常运行
正常运行,正常运行
正常运行,正常运行
正常运行,正常运行
传动系统异常,传动系统异常
正常运行,正常运行
正常运行,正常运行
正常运行,正常运行
正常运行,正常运行
正常运行,正常运行
正常运行,正常运行
正常运行,正常运行
正常运行,正常运行
正常运行,正常运行
正常运行,正常运行
正常运行,正常运行
正常运行,正常运行
正常运行,正常运行
正常运行,正常运行
正常运行,正常运行
正常运行,正常运行
正常运行,正常运行
正常运行,正常运行
散热系统故障,散热系统故障
正常运行,正常运行
正常运行,正常运行
正常运行,正常运行
正常运行,正常运行
正常运行,正常运行
正常运行,正常运行
正常运行,正常运行
正常运行,正常运行
正常运行,正常运行
正常运行,正常运行
正常运行,正常运行
正常运行,正常运行
正常运行,正常运行
正常运行,正常运行
正常运行,正常运行
正常运行,正常运行
正常运行,正常运行
正常运行,正常运行
正常运行,正常运行
正常运行,正常运行
正常运行,正常运行
正常运行,正常运行
正常运行,正常运行
正常运行,正常运行
正常运行,正常运行
正常运行,正常运行
正常运行,正常运行
正常运行,正常运行
正常运行,正常运行
正常运行,正常运行
正常运行,正常运行
传动系统异常,传动系统异常
正常运行,正常运行
正常运行,正常运行
正常运行,正常运行
正常运行,正常运行
正常运行,正常运行
正常运行,正常运行
正常运行,正常运行
正常运行,正常运行
正常运行,正常运行
正常运行,正常运行
正常运行,正常运行
正常运行,正常运行
正常运行,正常运行
正常运行,正常运行
正常运行,正常运行
正常运行,正常运行
正常运行,正常运行
正常运行,正常运行
正常运行,正常运行
正常运行,正常运行
正常运行,正常运行
正常运行,正常运行
正常运行,正常运行
正常运行,正常运行
正常运行,正常运行
正常运行,正常运行
正常运行,正常运行
正常运行,正常运行
正常运行,正常运行
正常运行,正常运行
正常运行,正常运行
正常运行,正常运行
正常运行,正常运行
润滑系统异常,润滑系统异常
正常运行,正常运行
正常运行,正常运行
正常运行,正常运行
正常运行,正常运行
正常运行,正常运行
正常运行,正常运行
正常运行,正常运行
正常运行,正常运行
正常运行,正常运行
正常运行,正常运行
正常运行,正常运行
正常运行,正常运行
正常运行,正常运行
正常运行,正常运行
正常运行,正常运行
正常运行,正常运行
正常运行,正常运行
正常运行,正常运行
正常运行,正常运行
正常运行,正常运行
正常运行,正常运行
正常运行,正常运行
正常运行,正常运行
正常运行,正常运行
正常运行,正常运行
正常运行,正常运行
正常运行,正常运行
正常运行,正常运行
正常运行,正常运行
正常运行,正常运行
正常运行,正常运行
正常运行,正常运行
正常运行,正常运行
正常运行,正常运行
正常运行,正常运行
正常运行,正常运行
正常运行,正常运行
正常运行,正常运行
正常运行,正常运行
正常运行,正常运行
正常运行,正常运行
正常运行,正常运行
传动系统异常,传动系统异常
正常运行,正常运行
正常运行,正常运行
正常运行,正常运行
散热系统故障,散热系统故障
正常运行,正常运行
正常运行,正常运行
正常运行,正常运行
正常运行,正常运行
正常运行,正常运行
正常运行,正常运行
正常运行,正常运行
正常运行,正常运行
正常运行,正常运行
正常运行,正常运行
传动系统异常,传动系统异常
正常运行,正常运行
正常运行,正常运行
正常运行,正常运行
正常运行,正常运行
正常运行,正常运行
正常运行,正常运行
正常运行,正常运行
正常运行,正常运行
正常运行,正常运行
正常运行,正常运行
正常运行,正常运行
正常运行,正常运行
正常运行,正常运行
正常运行,正常运行
正常运行,正常运行
正常运行,正常运行
正常运行,正常运行
正常运行,正常运行
正常运行,正常运行
正常运行,正常运行
正常运行,正常运行
正常运行,正常运行
正常运行,正常运行
正常运行,正常运行
正常运行,正常运行
正常运行,正常运行
正常运行,正常运行
正常运行,正常运行
正常运行,正常运行
正常运行,正常运行
正常运行,正常运行
正常运行,正常运行
正常运行,正常运行
正常运行,正常运行
正常运行,正常运行
正常运行,正常运行
正常运行,正常运行
正常运行,正常运行
正常运行,正常运行
正常运行,正常运行
正常运行,正常运行
正常运行,正常运行
正常运行,正常运行
正常运行,正常运行
正常运行,正常运行
正常运行,正常运行
正常运行,正常运行
正常运行,正常运行
正常运行,正常运行
润滑系统异常,润滑系统异常
正常运行,正常运行
正常运行,正常运行
正常运行,正常运行
正常运行,正常运行
正常运行,正常运行
正常运行,正常运行
正常运行,正常运行
正常运行,正常运行
正常运行,正常运行
传动系统异常,传动系统异常
正常运行,正常运行
正常运行,正常运行
正常运行,正常运行
正常运行,正常运行
正常运行,正常运行
散热系统故障,散热系统故障
正常运行,正常运行
正常运行,正常运行
正常运行,正常运行
正常运行,正常运行
正常运行,正常运行
正常运行,正常运行
正常运行,正常运行
正常运行,正常运行
正常运行,正常运行
正常运行,正常运行
正常运行,正常运行
正常运行,正常运行
正常运行,正常运行
正常运行,正常运行
正常运行,正常运行
正常运行,正常运行
正常运行,正常运行
正常运行,正常运行
正常运行,正常运行
正常运行,正常运行
正常运行,正常运行
正常运行,正常运行
正常运行,正常运行
正常运行,正常运行
正常运行,正常运行
正常运行,正常运行
正常运行,正常运行
润滑系统异常,润滑系统异常
正常运行,正常运行
正常运行,正常运行
正常运行,正常运行
正常运行,正常运行
正常运行,正常运行
正常运行,正常运行
正常运行,正常运行
正常运行,正常运行
正常运行,正常运行
正常运行,正常运行
正常运行,正常运行
正常运行,正常运行
正常运行,正常运行
正常运行,正常运行
正常运行,正常运行
正常运行,正常运行
正常运行,正常运行
正常运行,正常运行
正常运行,正常运行
正常运行,正常运行
正常运行,正常运行
传动系统异常,传动系统异常
正常运行,正常运行
正常运行,正常运行
正常运行,正常运行
正常运行,正常运行
正常运行,正常运行
正常运行,正常运行
正常运行,正常运行
散热系统故障,散热系统故障
正常运行,正常运行
正常运行,正常运行
正常运行,正常运行
润滑系统异常,润滑系统异常
正常运行,正常运行
正常运行,正常运行
正常运行,正常运行
正常运行,正常运行
正常运行,正常运行
正常运行,正常运行
正常运行,正常运行
正常运行,正常运行
正常运行,正常运行
正常运行,正常运行
正常运行,正常运行
散热系统故障,散热系统故障
正常运行,正常运行
正常运行,正常运行
散热系统故障,散热系统故障
正常运行,正常运行
正常运行,正常运行
正常运行,正常运行
正常运行,正常运行
正常运行,正常运行
正常运行,正常运行
正常运行,正常运行
正常运行,正常运行
正常运行,正常运行
正常运行,正常运行
正常运行,正常运行
正常运行,正常运行
正常运行,正常运行
正常运行,正常运行
正常运行,正常运行
正常运行,正常运行
正常运行,正常运行
正常运行,正常运行
正常运行,正常运行
正常运行,正常运行
正常运行,正常运行
正常运行,正常运行
正常运行,正常运行
正常运行,正常运行
正常运行,正常运行
正常运行,正常运行
正常运行,正常运行
正常运行,正常运行
正常运行,正常运行
正常运行,正常运行
正常运行,正常运行
正常运行,正常运行
正常运行,正常运行
正常运行,正常运行
正常运行,正常运行
正常运行,正常运行
正常运行,正常运行
正常运行,正常运行
正常运行,正常运行
正常运行,正常运行
正常运行,正常运行
正常运行,正常运行
正常运行,正常运行
正常运行,正常运行
正常运行,正常运行
正常运行,正常运行
正常运行,正常运行
散热系统故障,散热系统故障
正常运行,正常运行
正常运行,正常运行
正常运行,正常运行
正常运行,正常运行
正常运行,正常运行
正常运行,正常运行
正常运行,正常运行
正常运行,正常运行
正常运行,正常运行
正常运行,正常运行
正常运行,正常运行
正常运行,正常运行
传动系统异常,传动系统异常
正常运行,正常运行
正常运行,正常运行
正常运行,正常运行
正常运行,正常运行
正常运行,正常运行
正常运行,正常运行
正常运行,正常运行
正常运行,正常运行
正常运行,正常运行
正常运行,正常运行
正常运行,正常运行
正常运行,正常运行
正常运行,正常运行
正常运行,正常运行
正常运行,正常运行
正常运行,正常运行
正常运行,正常运行
正常运行,正常运行
正常运行,正常运行
正常运行,正常运行
正常运行,正常运行
正常运行,正常运行
正常运行,正常运行
正常运行,正常运行
正常运行,正常运行
正常运行,正常运行
正常运行,正常运行
正常运行,正常运行
正常运行,正常运行
正常运行,正常运行
正常运行,正常运行
正常运行,正常运行
正常运行,正常运行
正常运行,正常运行
正常运行,正常运行
正常运行,正常运行
正常运行,正常运行
正常运行,正常运行
正常运行,正常运行
正常运行,正常运行
正常运行,正常运行
正常运行,正常运行
正常运行,正常运行
正常运行,正常运行
正常运行,正常运行
正常运行,正常运行
正常运行,正常运行
正常运行,正常运行
正常运行,正常运行
正常运行,正常运行
正常运行,正常运行
正常运行,正常运行
正常运行,正常运行
正常运行,正常运行
正常运行,正常运行
正常运行,正常运行
正常运行,正常运行
正常运行,正常运行
正常运行,正常运行
正常运行,正常运行
正常运行,正常运行
正常运行,正常运行
正常运行,正常运行
传动系统异常,传动系统异常
正常运行,正常运行
正常运行,正常运行
正常运行,正常运行
正常运行,正常运行
正常运行,正常运行
正常运行,正常运行
正常运行,正常运行
正常运行,正常运行
正常运行,正常运行
正常运行,正常运行
正常运行,正常运行
正常运行,正常运行
正常运行,正常运行
正常运行,正常运行
正常运行,正常运行
正常运行,正常运行
正常运行,正常运行
正常运行,正常运行
正常运行,正常运行
正常运行,正常运行
正常运行,正常运行
正常运行,正常运行
正常运行,正常运行
正常运行,正常运行
正常运行,正常运行
正常运行,正常运行
正常运行,正常运行
正常运行,正常运行
正常运行,正常运行
正常运行,正常运行
正常运行,正常运行
正常运行,正常运行
正常运行,正常运行
正常运行,正常运行
正常运行,正常运行
正常运行,正常运行
正常运行,正常运行
正常运行,正常运行
正常运行,正常运行
正常运行,正常运行
正常运行,正常运行
正常运行,正常运行
正常运行,正常运行
正常运行,正常运行
正常运行,正常运行
正常运行,正常运行
正常运行,正常运行
正常运行,正常运行
正常运行,正常运行
正常运行,正常运行
正常运行,正常运行
正常运行,正常运行
正常运行,正常运行
正常运行,正常运行
正常运行,正常运行
正常运行,正常运行
正常运行,正常运行
正常运行,正常运行
正常运行,正常运行
正常运行,正常运行
正常运行,正常运行
正常运行,正常运行
正常运行,正常运行
正常运行,正常运行
正常运行,正常运行
正常运行,正常运行
正常运行,正常运行
正常运行,正常运行
正常运行,正常运行
正常运行,正常运行
正常运行,正常运行
正常运行,正常运行
正常运行,正常运行
正常运行,正常运行
正常运行,正常运行
正常运行,正常运行
正常运行,正常运行
正常运行,正常运行
正常运行,正常运行
正常运行,正常运行
正常运行,正常运行
正常运行,正常运行
正常运行,正常运行
正常运行,正常运行
正常运行,正常运行
正常运行,正常运行
正常运行,正常运行
正常运行,正常运行
正常运行,正常运行
正常运行,正常运行
正常运行,正常运行
正常运行,正常运行
正常运行,正常运行
正常运行,正常运行
正常运行,正常运行
正常运行,正常运行
正常运行,正常运行
正常运行,正常运行
正常运行,正常运行
正常运行,正常运行
正常运行,正常运行
正常运行,正常运行
正常运行,正常运行
正常运行,正常运行
正常运行,正常运行
正常运行,正常运行
正常运行,正常运行
正常运行,正常运行
散热系统故障,散热系统故障
正常运行,正常运行
正常运行,正常运行
正常运行,正常运行
正常运行,正常运行
正常运行,正常运行
润滑系统异常,润滑系统异常
正常运行,正常运行
正常运行,正常运行
正常运行,正常运行
正常运行,正常运行
正常运行,正常运行
正常运行,正常运行
正常运行,正常运行
正常运行,正常运行
正常运行,正常运行
正常运行,正常运行
正常运行,正常运行
正常运行,正常运行
正常运行,正常运行
正常运行,正常运行
正常运行,正常运行
电力供应故障,电力供应故障
正常运行,正常运行
正常运行,正常运行
正常运行,正常运行
正常运行,正常运行
正常运行,正常运行
正常运行,正常运行
正常运行,正常运行
正常运行,正常运行
正常运行,正常运行
正常运行,正常运行
正常运行,正常运行
正常运行,正常运行
正常运行,正常运行
正常运行,正常运行
正常运行,正常运行
正常运行,正常运行
正常运行,正常运行
正常运行,正常运行
正常运行,正常运行
正常运行,正常运行
正常运行,正常运行
正常运行,正常运行
正常运行,正常运行
正常运行,正常运行
正常运行,正常运行
正常运行,正常运行
正常运行,正常运行
正常运行,正常运行
正常运行,正常运行
正常运行,正常运行
正常运行,正常运行
正常运行,正常运行
正常运行,正常运行
正常运行,正常运行
正常运行,正常运行
正常运行,正常运行
正常运行,正常运行
正常运行,正常运行
正常运行,正常运行
正常运行,正常运行
正常运行,正常运行
正常运行,正常运行
正常运行,正常运行
正常运行,正常运行
正常运行,正常运行
正常运行,正常运行
正常运行,正常运行
正常运行,正常运行
正常运行,正常运行
正常运行,正常运行
正常运行,正常运行
正常运行,正常运行
正常运行,正常运行
正常运行,正常运行
正常运行,正常运行
正常运行,正常运行
正常运行,正常运行
正常运行,正常运行
正常运行,正常运行
传动系统异常,传动系统异常
正常运行,正常运行
正常运行,正常运行
正常运行,正常运行
正常运行,正常运行
正常运行,正常运行
正常运行,正常运行
正常运行,正常运行
正常运行,正常运行
正常运行,正常运行
正常运行,正常运行
正常运行,正常运行
正常运行,正常运行
正常运行,正常运行
正常运行,正常运行
正常运行,正常运行
正常运行,正常运行
正常运行,正常运行
正常运行,正常运行
正常运行,正常运行
正常运行,正常运行
正常运行,正常运行
正常运行,正常运行
正常运行,正常运行
正常运行,正常运行
正常运行,正常运行
正常运行,正常运行
正常运行,正常运行
正常运行,正常运行
正常运行,正常运行
正常运行,正常运行
正常运行,正常运行
正常运行,正常运行
正常运行,正常运行
正常运行,正常运行
正常运行,正常运行
润滑系统异常,润滑系统异常
正常运行,正常运行
正常运行,正常运行
正常运行,正常运行
正常运行,正常运行
正常运行,正常运行
正常运行,正常运行
正常运行,正常运行
正常运行,正常运行
正常运行,正常运行
正常运行,正常运行
正常运行,正常运行
正常运行,正常运行
正常运行,正常运行
正常运行,正常运行
正常运行,正常运行
正常运行,正常运行
正常运行,正常运行
正常运行,正常运行
正常运行,正常运行
正常运行,正常运行
正常运行,正常运行
正常运行,正常运行
正常运行,正常运行
正常运行,正常运行
正常运行,正常运行
正常运行,正常运行
正常运行,正常运行
正常运行,正常运行
正常运行,正常运行
正常运行,正常运行
正常运行,正常运行
正常运行,正常运行
正常运行,正常运行
正常运行,正常运行
正常运行,正常运行
正常运行,正常运行
正常运行,正常运行
正常运行,正常运行
散热系统故障,散热系统故障
正常运行,正常运行
正常运行,正常运行
正常运行,正常运行
正常运行,正常运行
正常运行,正常运行
正常运行,正常运行
正常运行,正常运行
正常运行,正常运行
正常运行,正常运行
正常运行,正常运行
正常运行,正常运行
正常运行,正常运行
正常运行,正常运行
正常运行,正常运行
正常运行,正常运行
正常运行,正常运行
正常运行,正常运行
正常运行,正常运行
正常运行,正常运行
正常运行,正常运行
正常运行,正常运行
正常运行,正常运行
正常运行,正常运行
正常运行,正常运行
正常运行,正常运行
正常运行,正常运行
正常运行,正常运行
正常运行,正常运行
正常运行,正常运行
正常运行,正常运行
正常运行,正常运行
正常运行,正常运行
正常运行,正常运行
正常运行,正常运行
散热系统故障,散热系统故障
正常运行,正常运行
正常运行,正常运行
正常运行,正常运行
润滑系统异常,润滑系统异常
正常运行,正常运行
正常运行,正常运行
正常运行,正常运行
正常运行,正常运行
正常运行,正常运行
正常运行,正常运行
正常运行,正常运行
正常运行,正常运行
正常运行,正常运行
正常运行,正常运行
正常运行,正常运行
正常运行,正常运行
正常运行,正常运行
正常运行,正常运行
正常运行,正常运行
正常运行,正常运行
正常运行,正常运行
正常运行,正常运行
正常运行,正常运行
正常运行,正常运行
正常运行,正常运行
正常运行,正常运行
正常运行,正常运行
正常运行,正常运行
正常运行,正常运行
正常运行,正常运行
正常运行,正常运行
正常运行,正常运行
正常运行,正常运行
正常运行,正常运行
正常运行,正常运行
正常运行,正常运行
正常运行,正常运行
正常运行,正常运行
正常运行,正常运行
正常运行,正常运行
正常运行,正常运行
正常运行,正常运行
正常运行,正常运行
正常运行,正常运行
正常运行,正常运行
正常运行,正常运行
正常运行,正常运行
正常运行,正常运行
正常运行,正常运行
正常运行,正常运行
正常运行,正常运行
传动系统异常,传动系统异常
正常运行,正常运行
正常运行,正常运行
正常运行,正常运行
正常运行,正常运行
正常运行,正常运行
正常运行,正常运行
正常运行,正常运行
正常运行,正常运行
正常运行,正常运行
散热系统故障,散热系统故障
正常运行,正常运行
正常运行,正常运行
正常运行,正常运行
正常运行,正常运行
正常运行,正常运行
正常运行,正常运行
润滑系统异常,润滑系统异常
正常运行,正常运行
正常运行,正常运行
正常运行,正常运行
正常运行,正常运行
润滑系统异常,润滑系统异常
正常运行,正常运行
正常运行,正常运行
传动系统异常,传动系统异常
正常运行,正常运行
正常运行,正常运行
正常运行,正常运行
正常运行,正常运行
正常运行,正常运行
正常运行,正常运行
正常运行,正常运行
正常运行,正常运行
正常运行,正常运行
散热系统故障,散热系统故障
正常运行,正常运行
正常运行,正常运行
正常运行,正常运行
正常运行,正常运行
正常运行,正常运行
正常运行,正常运行
正常运行,正常运行
正常运行,正常运行
正常运行,正常运行
正常运行,正常运行
正常运行,正常运行
散热系统故障,散热系统故障
正常运行,正常运行
散热系统故障,散热系统故障
正常运行,正常运行
传动系统异常,传动系统异常
正常运行,正常运行
正常运行,正常运行
正常运行,正常运行
正常运行,正常运行
电力供应故障,电力供应故障
正常运行,正常运行
正常运行,正常运行
正常运行,正常运行
正常运行,正常运行
正常运行,正常运行
正常运行,正常运行
正常运行,正常运行
正常运行,正常运行
正常运行,正常运行
正常运行,正常运行
正常运行,正常运行
正常运行,正常运行
正常运行,正常运行
正常运行,正常运行
正常运行,正常运行
正常运行,正常运行
正常运行,正常运行
正常运行,正常运行
正常运行,正常运行
正常运行,正常运行
正常运行,正常运行
正常运行,正常运行
正常运行,正常运行
正常运行,正常运行
正常运行,正常运行
正常运行,正常运行
正常运行,正常运行
正常运行,正常运行
正常运行,正常运行
正常运行,正常运行
正常运行,正常运行
正常运行,正常运行
正常运行,正常运行
正常运行,正常运行
正常运行,正常运行
润滑系统异常,润滑系统异常
正常运行,正常运行
正常运行,正常运行
正常运行,正常运行
正常运行,正常运行
正常运行,正常运行
正常运行,正常运行
散热系统故障,散热系统故障
正常运行,正常运行
正常运行,正常运行
正常运行,正常运行
正常运行,正常运行
正常运行,正常运行
正常运行,正常运行
正常运行,正常运行
正常运行,正常运行
正常运行,正常运行
正常运行,正常运行
正常运行,正常运行
正常运行,正常运行
正常运行,正常运行
正常运行,正常运行
正常运行,正常运行
正常运行,正常运行
正常运行,正常运行
正常运行,正常运行
正常运行,正常运行
正常运行,正常运行
正常运行,正常运行
正常运行,正常运行
正常运行,正常运行
正常运行,正常运行
正常运行,正常运行
正常运行,正常运行
正常运行,正常运行
正常运行,正常运行
正常运行,正常运行
正常运行,正常运行
正常运行,正常运行
正常运行,正常运行
正常运行,正常运行
正常运行,正常运行
正常运行,正常运行
正常运行,正常运行
正常运行,正常运行
正常运行,正常运行
正常运行,正常运行
正常运行,正常运行
正常运行,正常运行
润滑系统异常,润滑系统异常
正常运行,正常运行
正常运行,正常运行
正常运行,正常运行
正常运行,正常运行
正常运行,散热系统故障
正常运行,正常运行
正常运行,正常运行
正常运行,正常运行
正常运行,正常运行
正常运行,正常运行
散热系统故障,散热系统故障
正常运行,正常运行
正常运行,正常运行
正常运行,正常运行
正常运行,正常运行
电力供应故障,电力供应故障
正常运行,正常运行
正常运行,正常运行
正常运行,正常运行
正常运行,正常运行
正常运行,正常运行
正常运行,正常运行
正常运行,正常运行
正常运行,正常运行
正常运行,正常运行
正常运行,正常运行
正常运行,正常运行
正常运行,正常运行
正常运行,正常运行
电力供应故障,电力供应故障
润滑系统异常,润滑系统异常
正常运行,正常运行
正常运行,正常运行
正常运行,正常运行
正常运行,正常运行
正常运行,正常运行
正常运行,正常运行
正常运行,正常运行
正常运行,正常运行
正常运行,正常运行
正常运行,正常运行
正常运行,正常运行
正常运行,正常运行
正常运行,正常运行
正常运行,正常运行
正常运行,正常运行
正常运行,正常运行
正常运行,正常运行
正常运行,正常运行
正常运行,正常运行
正常运行,正常运行
正常运行,正常运行
正常运行,正常运行
正常运行,正常运行
正常运行,正常运行
正常运行,正常运行
正常运行,正常运行
正常运行,正常运行
正常运行,正常运行
正常运行,正常运行
正常运行,正常运行
正常运行,正常运行
正常运行,正常运行
正常运行,正常运行
正常运行,正常运行
正常运行,正常运行
润滑系统异常,润滑系统异常
正常运行,正常运行
正常运行,正常运行
正常运行,正常运行
正常运行,正常运行
正常运行,正常运行
正常运行,正常运行
正常运行,正常运行
正常运行,正常运行
正常运行,正常运行
正常运行,正常运行
正常运行,正常运行
正常运行,正常运行
正常运行,正常运行
正常运行,正常运行
正常运行,正常运行
正常运行,正常运行
润滑系统异常,润滑系统异常
正常运行,正常运行
散热系统故障,散热系统故障
正常运行,正常运行
正常运行,正常运行
正常运行,正常运行
正常运行,正常运行
正常运行,正常运行
正常运行,正常运行
正常运行,正常运行
正常运行,正常运行
传动系统异常,传动系统异常
正常运行,正常运行
正常运行,正常运行
正常运行,正常运行
正常运行,正常运行
润滑系统异常,润滑系统异常
正常运行,正常运行
正常运行,正常运行
正常运行,正常运行
正常运行,正常运行
正常运行,正常运行
正常运行,正常运行
正常运行,正常运行
正常运行,正常运行
正常运行,正常运行
正常运行,正常运行
正常运行,正常运行
正常运行,正常运行
正常运行,正常运行
正常运行,正常运行
正常运行,正常运行
正常运行,正常运行
正常运行,正常运行
正常运行,正常运行
正常运行,正常运行
正常运行,正常运行
正常运行,正常运行
正常运行,正常运行
正常运行,正常运行
正常运行,正常运行
正常运行,正常运行
正常运行,正常运行
正常运行,正常运行
正常运行,正常运行
正常运行,正常运行
正常运行,正常运行
正常运行,正常运行
正常运行,正常运行
正常运行,正常运行
正常运行,正常运行
正常运行,正常运行
正常运行,正常运行
正常运行,正常运行
正常运行,正常运行
正常运行,正常运行
正常运行,正常运行
正常运行,正常运行
正常运行,正常运行
正常运行,正常运行
正常运行,正常运行
散热系统故障,散热系统故障
正常运行,正常运行
正常运行,正常运行
正常运行,正常运行
正常运行,正常运行
正常运行,正常运行
正常运行,正常运行
正常运行,正常运行
正常运行,正常运行
正常运行,正常运行
正常运行,正常运行
正常运行,正常运行
正常运行,正常运行
正常运行,正常运行
正常运行,正常运行
正常运行,正常运行
正常运行,正常运行
正常运行,正常运行
